image_id,PredictionString
8c7341b62afed8980c0cfa1659909be3,3 0.96 747 1121 1719 1495
8cdb33b248a22754d1c2d8b409695a23,11 0.92 737 327 983 409 11 0.92 1967 327 2049 409 11 0.89 737 245 983 327 11 0.86 901 245 1147 327 11 0.86 1885 327 1967 409
8d14c321b87595be89926a9b5219150b,3 0.95 907 1284 1965 1662
8d1cee8994769d8a74512426fb45cd98,3 0.92 993 1655 2069 2069 11 0.87 745 331 1076 413 11 0.86 662 496 745 579
8d320a31edbc7f28ea0e329c5a91c55c,11 0.93 894 243 975 325 11 0.91 812 325 894 406 11 0.9 812 243 894 325 11 0.89 1544 243 1788 325 11 0.88 894 162 1137 243 3 0.98 975 1381 2031 1788
8d53f1f5d327b1e1642bdb63d697c4fe,11 0.94 523 523 747 598 11 0.85 598 448 897 523
8d598771f57b55e64a2ecd048ac42194,3 1.0 829 1339 1659 1595 10 0.88 255 1531 382 1659
8d612aaeaf1b5a01971cbdba49b37fdb,11 0.91 1867 294 2162 393 11 0.9 1867 393 2162 491 11 0.9 983 393 1277 491
8d677aa2749132774b4bb1400351e097,14 1 0 0 1 1
8d87354fed4d79fe6e33267600d66adf,14 1 0 0 1 1
8d8830c35ca3c9b01c3dd33eb4fabc00,11 0.94 1081 393 1376 491 11 0.93 1966 294 2260 393 11 0.88 1966 393 2260 491 11 0.86 1179 294 1474 393 3 0.95 1376 1572 2359 1966
8d92d5da9bcba061cf36ee0a6c4d5d45,14 1 0 0 1 1
8db4cbed642a41074ac5acdb0be452e4,3 0.9 1056 1344 2304 1824
8db986c7dad6ac1f5b3bcbf23b358d63,11 0.93 845 507 1099 591 3 0.94 1014 1859 2029 2282
8de301615cf3fca4c747a87d9b9505c1,3 0.94 1022 1363 2215 1789
8dec5497ecc246766acfba5a4be4e619,11 0.89 638 191 829 255 11 0.88 638 255 701 319 11 0.87 701 255 893 319
8e3d51015dcc574507110141019bc77a,3 0.94 1121 1719 1794 2242
8e45289dba71354bafe44794b7d60d2c,3 0.97 701 1403 1595 1722
8e6dca156b7d89a13ab8849b30bf511f,14 1 0 0 1 1
8e9dbebe9681191780dd66779a27a663,3 0.96 1158 1544 2316 2026 11 0.88 965 193 1254 289
8ea15d8dffaccc803d343596092354b5,3 0.9 737 1400 1916 1769
8eac0d67c1763bf49cff773d0acce819,3 0.98 822 1345 1794 1644
8ecee848dad45a30b6a0f80f6524a3cd,14 1 0 0 1 1
8edb79319d71c1813e91d049d466e237,3 0.99 1073 1486 2229 1981 11 0.93 1651 330 1898 412 11 0.86 660 412 908 495
8ee3612f9072477512f638498c50d788,3 0.98 961 2097 2097 2534 11 0.89 786 699 1048 786 11 0.87 786 786 1048 873
8eea7c2445255538d0785405b6832ff9,3 0.97 966 1530 2013 1933
8f0e9a83c1e26189ede1bd22fd751ead,11 0.87 2005 348 2092 435
8f21e046be34b9fd8fe5a3f6bff1b139,0 0.95 1196 747 1420 971 3 0.99 822 1495 1719 1868 11 0.88 747 299 971 373
8f4074350997e3cac1a8714363ce4069,3 0.99 897 1420 1868 1794 11 0.91 672 448 747 523 11 0.9 672 373 971 448 11 0.9 747 448 822 523 11 0.89 1420 299 1719 373
8f83a4da5d18bff5a21d5caaef7d38ae,3 0.97 950 1346 2060 1743
8f87062bcd359f1d6ba0c6ab4e1ce2aa,14 1 0 0 1 1
8f90c2f3fa222eac7b59911267d00322,11 0.89 1644 523 1868 598
8fa99ab9d23eba8869ed9acd6429a0d5,3 0.93 701 1148 1531 1467
8fc6580091f8d24be3dbd700d4630833,0 0.86 1048 917 1245 1114
8fc78cbddaaed14a33267a0b3e4094e3,14 1 0 0 1 1
900b1f760a359497ccf2a17d08413357,14 1 0 0 1 1
9021a7769e065e341d0893fac8250f2f,3 0.97 944 1631 2061 2061
902475b417c3d15c12706001292aa02e,14 1 0 0 1 1
90298b04a0c568ee2144c3431711b30e,11 0.87 1403 638 1595 765 3 1.0 829 1403 1786 1722
9045dfc3d4a724a051e85b331af35116,14 1 0 0 1 1
9046a6b2fb904a20e144f9c26ac86ea7,3 0.87 747 1495 1719 1868 11 0.92 672 224 897 299 11 0.88 598 299 822 373
904c597a439d56ab663e0b5cc5422924,3 1.0 829 1339 1722 1659 11 0.87 1403 510 1595 574
9055b296acf42185d29edd60dfdc6c50,11 0.88 1196 299 1420 373 3 0.98 672 1420 1794 1794
9060abafbf20514eb23dacaec98e5001,11 0.85 1859 253 2113 338
90a2ee123827454effd1632e5a0d2214,3 0.96 327 1638 1114 1966 3 0.91 720 1179 1507 1507
90fcb945ce4bd77f9d7eb0cf3b7c0c75,3 0.98 638 1339 1467 1595 11 0.89 1212 446 1403 510 11 0.88 638 446 829 510
90ff0f6edbdb16fdeeaf3a8471f576ff,3 0.98 765 1467 1595 1786 0 0.88 1084 765 1276 957
9105b96b6fdcb0dc599dc279b23c524e,11 0.87 747 299 971 373
91123b24b8a4c289820bbb2dc6dabdfe,11 0.86 672 523 897 598 3 0.86 971 1495 2093 1868
9112756a7e8b3ae899c07ee78f42ba65,11 0.9 1867 294 2162 393 3 0.98 1376 1376 2457 1867
91283908618845879937985817083c93,3 1.0 967 1693 2016 2096
912a20a92e3eec09b59aad46c4451241,11 0.87 1477 403 1679 470
915e148ea37918f74554937db82e0bef,14 1 0 0 1 1
91666dfbe7cae907ee17c02084290e4b,14 1 0 0 1 1
9166a14e1c348730c4f6a58b91cab35b,3 0.98 851 1315 1779 1702
919ae0be4914f8ab1309afd084b552f9,14 1 0 0 1 1
91a0ba6661f1216e3e0efa1da5085927,3 1.0 940 1566 2115 1958
91a8f0bfbcfa86f399c6a1175ce78b48,14 1 0 0 1 1
91c465dad262c2d07cc9d98ebd3126cf,3 1.0 638 1339 1339 1595 11 0.87 638 382 829 446
91fe3b729dcb9a1fe5ddc310893fd339,11 0.94 747 299 971 373 11 0.9 1644 299 1868 373 11 0.87 598 448 747 523 11 0.86 1495 224 1719 299
920798732c5a28ac4c00a8cf4a49e3ac,3 0.98 778 1415 1698 1768
920adb61fe4f2cad8c72b874d2f06653,11 0.89 643 563 884 643 3 0.92 965 1689 2091 2091
920b51a079a6918a500745fd5dcc1c03,3 0.99 701 1276 1531 1595 11 0.93 701 255 765 319 11 0.87 638 319 829 382
921ae3e2888fcc1250129a6e8e585350,11 0.89 458 327 655 393
921d2a094965fd081bc7d0d9ac6354b2,11 0.89 630 472 866 551 11 0.89 1812 393 1890 472 11 0.87 1733 472 1969 551 3 0.97 945 1575 2048 1969
9221b0d7c0029ef3ac6e12f5aa330fa6,11 0.97 768 384 1056 480 11 0.92 1632 384 1920 480 11 0.87 864 288 1152 384
923555428f4043c4b5eac18d242021a7,14 1 0 0 1 1
923e8cd400a4e914b50f3ee0ee7297e3,3 0.97 829 1403 1659 1722 11 0.91 765 319 957 382 11 0.87 701 382 957 446
925d945d9d6cf5d0f8bb294e8c68fdbc,14 1 0 0 1 1
9261a4818a8933262ea1b9b9bebd2b4d,0 0.89 1143 500 1357 786 3 1.0 857 1143 1857 1500
9262bfe5dc41410f1725ebdd26a22334,3 0.87 1344 1440 2400 1920
926787394c8df63b1da0a1cadf1063ee,3 1.0 854 1320 1787 1709
926f386ea35e891d7bfbcf9cab111866,3 0.97 866 1516 1733 1877
9276f93cb5f5b511b7ad3caf71c45f10,3 0.98 765 1531 1595 1850 11 0.95 1339 510 1531 574
92a7c4fdc48bc4b5567b292cb57a201d,14 1 0 0 1 1
92b86dc30366b13fa742c386fb146594,3 1.0 829 1467 1595 1722 11 0.86 1403 638 1595 701
92e71098a8b0f7e30097a649588a26de,3 0.97 638 1531 1531 1850
92e85f2d1d6ad5ebe0385ebb1a7868c2,11 0.9 1966 294 2260 393 11 0.89 1966 196 2260 294 11 0.88 884 294 1179 393 3 0.92 1179 1376 2555 1867
92fa602b722ed0b664edb0b7ef6efc6e,3 1.0 701 1148 1531 1403 11 0.85 1276 255 1403 319
9312eef59a2ec95acb7e39d0508d89cc,3 0.96 966 1530 2013 2013
931dc77300612101a84eff6070ca270a,11 0.91 373 598 448 672 11 0.89 672 299 897 373 11 0.86 448 598 672 672
93239daad566dbc55904c90e6f74a8f4,3 0.98 805 1530 1933 1933
933a7e742b3bda1d1e345dd123b5f46a,11 0.88 1548 294 1769 368 11 0.87 663 294 958 368 11 0.86 811 221 1032 294
934e2731a86f3a6d750f7f7d9eaea85c,14 1 0 0 1 1
937a353dd57519c0757ce2da3ae2bdc2,11 0.94 1544 243 1788 325 11 0.87 975 162 1219 243 11 0.87 894 243 1137 325 11 0.86 1706 243 1950 325 3 0.88 1056 1056 2113 1544
93c4edb47311463feddf87a0ea36f128,11 0.94 903 270 1173 361
93cdc1245a32efee2b5ec92abe175e8b,3 0.99 812 1354 1692 1692
940635db4ae037a40c8a95a81de062d6,3 1.0 971 1196 1868 1569 11 0.96 672 373 897 448 11 0.89 598 373 672 448
9408e65cccb846a922ba24c1482d1f4e,3 1.0 765 1212 1659 1531 11 0.88 1276 191 1467 255 10 0.85 127 1595 1084 1978
941dc59889449949de70d0b3a545939c,3 0.88 221 2138 1474 2580 11 0.94 589 516 663 589 11 0.89 1253 516 1474 589 11 0.87 516 516 737 663 0 0.86 958 884 1179 1105
945654132299ed39a4001917a63442b5,3 0.88 655 1245 1572 1572
94568a546be103177cb582d3e91cd2d8,3 0.99 574 1595 1531 1914
945e911b21f8a7a61e1828b1b96e9b57,3 0.99 978 1223 2039 1631
9466f15cf32369021196e4a474d6864e,14 1 0 0 1 1
94699ec9440ff2d98c16238825994312,11 0.92 805 563 885 644 11 0.91 724 563 805 644 3 0.99 1047 1530 2013 1933
94991be117227a4da154ae9d49583695,14 1 0 0 1 1
94b4487a6f96741da2745343df491908,11 0.89 1743 415 1992 498
950259de679bcbb923e69129ef6640d5,3 0.96 1344 1632 2400 2112
950f7420fe9cb8a960a5c3ca47c35748,3 0.96 890 1483 1928 1854 11 0.86 741 296 964 370 11 0.86 1557 296 1854 370
95108d231a9fd10ed3d5594c3e7f41e1,0 0.91 1362 881 1602 1121 3 0.91 961 1602 2083 2003
95202c6e6cf656274adf379f419ab244,14 1 0 0 1 1
953e9c48167874db643fd1dc010605c1,14 1 0 0 1 1
9575166c507d7862f5924bc606eb6c1d,3 1.0 765 1339 1595 1659 11 0.86 638 382 829 446
958a4c63f5e4151e78a7a3684eb4616f,3 0.99 981 1283 1888 1812
95c1cb84d859b7ef18e61b5e2d052bb5,3 0.99 961 1682 2083 2083
95c7dd4307b9ab126fe347ba6e57dd7e,11 0.88 464 464 774 541 11 0.86 2167 2012 2244 2090
95eb9d1e5697e1c665253e05dcf5a464,11 0.88 709 315 946 394
96171d4df35e0bb38fd6df7e7b6f35e9,3 0.86 897 1644 1719 2018
96601ac112a5e37c51dabe61bf063a8e,3 0.98 1047 1449 2094 1852
967a55293ed97ec1447c0da5162a430e,11 0.85 437 525 525 612 3 0.98 1050 1313 2101 1751
967cc2106c325f85a5447798328f5d33,3 0.97 870 1232 1812 1595
968735441bd2c77d7cfcf4d504b1fd5b,3 0.98 822 1495 1868 1868 11 0.9 598 373 822 448 11 0.87 672 299 897 373
968a90b80ec6b68aae9703ff30509acc,11 0.92 638 446 829 510
969570a649d3d7f430dd2e4ec11b7bc4,3 0.99 1014 1521 2113 1944 11 0.86 760 338 929 422 11 0.86 1690 338 1944 422
96b106d836d2b4f16362d3a1d1f767a5,3 0.94 997 1381 1995 1842 11 0.86 690 383 921 460
96ccdf8a8c6680b235e532b179a89285,11 0.95 1276 319 1467 446
96d1504f104b0b4ad88de4a50d413197,11 0.85 864 288 1248 384
96d4d2d2fff41438e38075881b7b0d58,11 0.96 748 280 1122 374 11 0.86 841 374 1122 467
973b316bee7e6ccda97c07d096008fea,3 0.91 262 1572 1179 1900
97c27cc1254725212a62ca9af162d54d,11 0.94 1035 282 1318 376 11 0.89 1883 282 2260 376 3 0.91 1130 1695 2260 2166
97d10edc0bd4a9bdf9265467678944ae,3 0.98 847 1129 1836 1483
97e10e9ae645d625489ae5df9548c589,14 1 0 0 1 1
97e250bb4422a40cac4d09f33b1abbd9,3 0.91 645 1532 1693 1935
97eefe9bc5a1a7d4dd2c0fa36b407b2d,3 0.97 701 1531 1531 1850 3 0.9 638 255 1403 574 11 0.92 1212 510 1403 574 11 0.88 1339 510 1531 574
97f0ad3b3ccbfc848bf9cc7e1a76377c,14 1 0 0 1 1
980141b50ada8a624c9a1c34c91c95d8,14 1 0 0 1 1
9810d731721dbb0ab5c65f8679766c1d,3 0.99 978 1280 1957 1656
98425caa984cc12173ccf14b815c3adb,11 0.86 527 376 753 452 11 0.85 527 301 678 376
98734f45cdc062d160228410a8da696d,14 1 0 0 1 1
9874724dd188122d0142f38b1011dbce,3 0.99 1063 1506 2215 1950
988187e27dd2b73c6d428ff80e47b019,3 0.94 822 1345 1794 1794
98c6044176d9706381e15ff1ea27c751,3 0.99 638 1531 1467 1850 11 0.86 1212 446 1467 510
98de498a86962549513f49a3b0c5c994,11 0.92 516 589 737 663
98e7165c9909e187308e93f089384f9c,11 0.91 510 255 701 319 11 0.89 446 319 638 382 11 0.87 1020 255 1148 319
98ed8a6f5992837800be0732813b9c57,11 0.87 786 235 1022 314
990b0dcd83353894c4a2e73738cd6c25,3 0.98 1123 1283 2166 1684 11 0.92 1764 240 2005 320
993a0157e7afc9b9ef2857349e3efe6d,14 1 0 0 1 1
995c6aa1693e2998b61f2db55f73d4b0,14 1 0 0 1 1
99710cd2d799534072c187da95e4fd89,14 1 0 0 1 1
99732e844196448b90e50973d6ba5224,3 0.99 1248 1344 2400 1728 11 0.89 1152 288 1440 384 11 0.88 1920 288 2208 384
997d02719c4f6b77010d2ea5bd839edd,14 1 0 0 1 1
997fdbeb9910b1d22539b9311cc565a5,3 0.97 909 1364 1819 1819
999739311885dd8eceab3dbdc55ebd80,11 0.91 672 373 897 448 11 0.91 672 299 897 373
99a41825d70b5867a2b08e20f05b4e6e,3 0.97 1056 1440 2208 1824 11 0.93 960 384 1056 480
99ccfe1695993a5275d11aad4e2abb9c,3 0.92 830 1384 1799 1730
99e1fdb74b8c507753026cd4ee28465c,11 0.9 1691 375 1973 469 3 0.91 1033 1503 2161 1973
99f4f493e0ed0a3cd70fe397736534e4,11 0.93 1867 294 2162 393 11 0.93 786 393 1081 491 11 0.92 884 294 1179 393
99f7683a4b94a0cdb5f3b98953647a47,11 0.96 806 242 887 322 11 0.9 1532 242 1774 322 11 0.87 726 322 806 403 11 0.87 806 161 1048 242
9a0b2fcfccac08e3ed0f1c8d2021d56d,3 0.98 951 1665 1983 2062
9a2a32405209c4c47fc684255f4a1d1f,3 0.94 941 1333 1961 1726
9a581d10b649544c3bf01227bb2d728f,14 1 0 0 1 1
9a7c3ac63356de02fc79d613fccee843,3 1.0 701 1212 1467 1467 11 0.95 574 255 765 319 11 0.93 638 191 829 255 11 0.85 1212 255 1339 319
9a8b1df88ad29e363d897f4806bfe15c,11 0.86 1531 319 1722 382
9a8dfa3f9fb55a22a1fae7efeca1c326,3 0.9 638 1148 1531 1467 11 0.94 701 191 893 255 11 0.92 1276 255 1467 319 11 0.89 701 255 893 319
9a9c1899b72972a4c1a6a540aa2941cf,3 1.0 720 1507 1638 1835
9ab7362cc2e62924da202b728de69a59,3 0.88 638 1148 1467 1467
9ab8268a94a58960cf1045e60a2d71a3,3 0.89 747 1046 1644 1420
9aec9e6e04ea05b1715969f8f20c86bc,11 0.9 589 589 737 663 11 0.86 589 663 663 737 3 0.93 737 1548 1843 1916 3 0.92 516 1695 884 2727
9af18fd0a3ba73f3340c69a5af4f3053,14 1 0 0 1 1
9b41c13ac918adcc1261f750a1d61b40,3 0.92 368 2138 1622 2580
9b43a48d28746e26aa54baa1e025e8f4,3 0.96 971 1196 1868 1569
9b4c819c56238d760d50d8ee8b4cea15,3 0.99 944 1525 1888 1888
9b4caa22dbd06599d42f7ec9434ca00f,14 1 0 0 1 1
9b5a9ea07fc759ad8980f867fd114bc4,3 0.96 655 1441 1507 1835
9b609fc8e82081f4ac5bf83b8a0fbc5c,3 1.0 765 1276 1659 1595 11 0.92 1212 255 1403 319 11 0.92 574 255 765 319 10 0.87 1531 2105 1595 2169
9b64cc50d04171fc9dc5bb5880bff3d4,11 0.86 760 253 1099 338 11 0.86 676 338 1014 422
9b7b30c14e12598ee4bd19777ef0557e,11 0.87 638 382 893 446 3 0.99 829 1403 1659 1659 10 0.89 191 2041 255 2105 10 0.87 191 1978 255 2041
9b835d02018cfd4bae8398701c51e984,14 1 0 0 1 1
9b9d4926513c155d102818c7e746dc67,11 0.86 594 297 743 371
9bba713a1eea1a6b3a1f34deef3eb3e7,11 0.88 1339 191 1531 255 3 0.99 701 957 1531 1276
9bd79ff85b40084060c327b2b9ca1e81,3 1.0 884 1548 1843 1843
9be029176ee67d946f67f6c737e748ca,3 0.99 1012 1417 1890 1755
9c08285e9324c9e7efbfed86b5a93fd6,3 0.99 902 1313 1969 1723
9c0bd741b166e8fddfdb445430beaa35,3 1.0 829 1403 1659 1659
9c2c384198990eca39cf2fe3ee00eb04,11 0.9 515 368 736 441
9c39e251d5c438f0320cbb39fa33b351,0 0.9 1114 786 1245 983 3 0.97 1179 1179 1507 2031
9c424665bf74063ddb60cddbfa76c20f,3 0.92 701 1403 1531 1722
9c5119675b20f4718858b071640754f0,3 0.92 925 1465 1928 1928
9c71b33d836534579e8c2c15a9849eb0,14 1 0 0 1 1
9c76e31a24a12cc234f3a6e3fbd34cea,11 0.86 1825 273 1917 365
9c84001b9cecc492efc1d459c8b18a85,3 0.88 1016 1172 1954 1563
9c91dd728f43b2c18c80674c11321fb4,14 1 0 0 1 1
9c965bb9be35d8f706f836fdfabb92ea,3 0.92 822 1495 1719 1868 11 0.92 598 448 672 523 11 0.91 523 448 598 523 11 0.89 598 299 897 373 11 0.89 598 373 897 448
9caf4ff7e331b48dc117b64a33e6e3ce,14 1 0 0 1 1
9cb8ad93052c913e3cce32c0d5ca8e62,3 0.99 829 1212 1659 1467 11 0.93 1276 382 1467 446 11 0.88 701 382 893 446
9cc192f463444b9a3a17afb845146496,3 0.98 966 1530 1933 1852
9cef6970daacf97ee86d7b9bf54034a5,3 0.98 701 1276 1467 1531
9cf44d78a4596e9817decfcefd7d4e63,3 0.99 701 1084 1595 1403 11 0.87 1276 319 1531 382
9d0e0a3000f3830dd027f2d1113d7320,14 1 0 0 1 1
9d19cfe48e499605ca146bd93557d413,11 0.95 939 341 1195 426 11 0.94 1707 341 1963 426 11 0.91 1024 256 1280 341 11 0.89 1622 256 1963 341 3 0.94 1024 1366 2049 1707
9d24b6b093579f86101c4760c7808986,14 1 0 0 1 1
9d24d767c3db6cad70b39f1e27c20879,3 0.93 976 1420 2219 1864 11 0.9 621 266 710 355 11 0.9 710 177 976 266
9d3db915dfabc8a9ac9cda6223856b90,14 1 0 0 1 1
9d4af3b1d2b17d2003251751aece5d00,11 0.98 1761 352 2026 440 11 0.96 792 352 1057 440 11 0.95 1585 264 1938 352 11 0.91 792 264 1057 352 11 0.9 1850 264 2202 352 11 0.85 704 352 792 440
9d4c73f08e610430aa04a0e4149be21e,3 1.0 829 1276 1659 1595
9d55051f2ad55edc96612d7d28dfd472,14 1 0 0 1 1
9d6140d62003cb479bbc439c160b2abc,11 0.95 956 424 1274 531 11 0.94 2018 424 2337 531 11 0.86 1062 318 1381 424
9d68356f37f8ed3cdea24fcf8392b028,11 0.94 1339 510 1531 574 11 0.88 1339 446 1531 510 3 0.96 765 1659 1595 1978
9d795973792d0790888f8f765341abfc,3 0.99 638 1276 1467 1595
9da8227ee1231405e20fda4498813ba2,11 0.87 1622 589 1843 663
9dac311de884273b67f2623ce139e248,14 1 0 0 1 1
9dc84f214b1b2069a81805d2f93b81a2,11 0.91 1886 359 2156 449 11 0.88 1886 449 2156 539 11 0.88 1617 359 1976 449
9dd7f778ffcaa49e3a0f66aa27ed2105,3 0.99 765 1276 1595 1595 11 0.92 574 446 638 510 11 0.92 638 446 701 510
9dd83beafe70432164f9945fef7da826,14 1 0 0 1 1
9e03f33a5f100880b2d2bdfbc46b7b72,11 0.88 822 672 1046 822 11 0.86 747 747 897 822 11 0.86 672 747 747 822
9e684cda9b5184ed2f879b971930527e,11 0.86 1263 210 1543 280
9e77743ee6d98ede10b36e8f12c1f226,3 1.0 765 1467 1595 1786
9e8a5a85012b7b8c5dd164382d93e089,3 1.0 993 1451 1910 1833
9ec80d6a0493b9a748309d7d7b85c129,3 1.0 829 1212 1786 1531 11 0.95 701 191 893 255 11 0.85 829 191 1020 255
9ed8458f2aa4cf1dd7a282dc9511e3d8,11 0.92 975 243 1056 325 11 0.87 1706 243 1950 325
9ef603566431768ef5da6869f9f52096,11 0.91 765 191 957 255 11 0.9 829 255 1020 319 11 0.88 638 255 893 319 3 0.9 765 1212 1595 1531
9f3af32d10e06c9d1b3e0e2d39fbf9de,3 0.99 786 1310 1572 1638
9f3b5336a28a4e41628702386e1d0c40,11 0.94 1212 319 1403 382 11 0.91 638 319 829 382 11 0.85 1084 255 1403 319 0 0.9 1020 638 1276 893 3 0.95 765 1339 1595 1659
9f53cbf4bddc2669e6fc0a3c3eef2c8f,3 0.99 917 1452 1911 1834
9f8b0424d8c2a0856a5c7aed3a7753e2,11 0.93 663 294 884 368 11 0.92 737 221 958 294 11 0.9 589 294 663 368 11 0.88 516 221 811 294 3 0.99 811 1105 1769 1474
9fc090c6d79c30b3979bd20b6c05ec83,3 0.96 701 1722 1531 2041 11 0.88 1722 2041 1786 2105
9fc5ef9b5be525040e800cfb9a3c9bb9,11 0.88 2227 2312 2312 2398
9fd5e9cafe7e189e003d0c1f1d379815,3 0.97 765 1403 1659 1659 11 0.88 1339 382 1595 446
9fd7502c56c4c91aa88f6442d3ccb567,11 0.92 1954 372 2047 465 11 0.89 837 279 1117 372 11 0.87 1768 279 2141 372 11 0.85 2047 372 2141 465
9fda60640538c98e371a780e76b8a934,11 0.92 1690 591 1944 676 11 0.92 1690 507 1944 591 11 0.9 169 1690 253 1775 11 0.89 676 591 929 676 11 0.85 169 1521 253 1606
9ffba960315efc66943dc8e69906f999,0 0.92 1345 747 1569 971 11 0.88 747 299 1046 373 3 0.85 1121 1270 1943 1644
9ffc8ca8d76cfe864a79da8bafbd9342,3 0.99 971 1495 1868 1794 11 0.87 747 523 971 672
a039af299f86007d0d77da077a6def9a,14 1 0 0 1 1
a04f8ce606d065b30adcd26b231e7ff2,3 1.0 701 1403 1531 1659
a068f71d0687536e31df36ce45e9bac7,11 0.88 574 255 829 319
a06ad52f2d2ee79591f6381b9e1c19c3,3 0.94 979 1551 1959 1959 11 0.88 1878 244 2123 326
a0c38318fbf46b92e92575afae12b355,3 1.0 701 1084 1467 1403
a0dabcf104fe074b53d98c6935efffb1,11 0.93 822 224 897 299 11 0.91 598 373 822 448 11 0.91 747 299 971 373 11 0.87 598 299 822 373
a0e47101a18af84ab9cfc2d9669226cf,11 0.89 1966 294 2260 393 11 0.86 1966 393 2260 491
a108e6acd0acf01feb7cbcc8a2f41965,11 0.95 638 255 829 319 11 0.88 638 319 701 382 3 0.9 638 1212 1467 1531
a113218469475fef9827360a2f850b3f,11 0.9 450 225 525 300 3 0.98 975 1425 1950 1800 0 0.86 1275 525 1500 825
a12c4d0713661192a6e0bbd0ed1b231e,3 0.94 777 1360 1554 1683
a18bff6167ed3c03d4135439c2fa4242,11 0.89 672 448 747 523 11 0.87 747 373 897 448
a197da40ea602ae169a5bb958e58e65d,3 0.88 966 1691 1933 2174
a1abfb947a060708b7817a8450c43dde,11 0.94 1966 294 2260 393 11 0.9 2064 196 2359 294 11 0.89 2162 294 2457 393 3 0.97 1179 1179 2359 1572
a1acb6294a7f94b05d33bf3945170b38,3 0.95 1032 1408 1971 1877
a1adf6de567308fd21b771f24d1ad721,11 0.92 1625 243 1869 325 11 0.91 975 162 1219 243 11 0.88 1706 325 2031 406 11 0.88 731 325 975 406 3 0.96 975 1300 2031 1706
a1bffc253b662f0ed464ab6e7ab6950a,14 1 0 0 1 1
a1c39becc9835462d84db8c51229779f,11 0.89 1708 310 1941 388 11 0.87 465 310 776 388
a1d6138dff46a93901fbf634fce2e9ea,3 0.91 864 1296 1872 1656
a1d96d68f5fe42adc4f0fd93578cc52f,14 1 0 0 1 1
a1e9c815d63650be13b90158b6523c08,3 0.89 574 510 1339 829
a2188a01235ae6d38e99371e3459f5a3,11 0.89 1339 382 1531 446
a226a88f4b8f66c2eba7b974ab8d510d,14 1 0 0 1 1
a22e07353ea98e67ba01b4251350a6ce,3 0.97 701 1403 1659 1722
a271ab4abb8bff077a50fa2e4e8ac663,3 1.0 765 1148 1595 1403
a2887b486dd81a8f4f9086a97b87ee44,3 0.98 1056 1632 2208 2208
a2a2bd5197fb23da123f610e00d8b08e,11 0.88 1944 338 2198 507
a2a6d6a2246027eb628f5841701644cc,3 0.92 971 1644 1868 2018 11 0.92 1420 299 1644 373
a2aa6583a1a85602ab73d2d8328dc9a9,3 0.93 382 255 1276 574
a2ae0b4302259a54bb0a981f8e7c3580,3 0.89 822 1270 1719 1644
a2b0df71aa470731ba22c34d90fa236f,3 0.99 701 1339 1531 1595 11 0.86 638 382 765 446 10 0.86 127 1659 1148 2041
a2bb3ac911a15a98d939f74bf2a85cd4,3 1.0 1047 1449 2174 1852
a2d27708156f3e692475bf6088380dc9,11 0.86 672 448 971 523 11 0.85 1719 598 1868 672
a2dbf5279ee801c86326bfbff7e451b5,11 0.85 2762 2549 2868 2655 11 0.85 2762 2443 2868 2549
a2df9968971d516062e5cd854f0ee7b8,3 0.97 1047 1288 2013 1691
a2ea417d0e7d00cfd922fa93fc95b472,14 1 0 0 1 1
a2ecc47841fb7903a59b137768a3363c,3 0.9 952 1464 1904 1831 11 0.9 1538 439 1831 512
a3196674db73c50c7450c8964370e783,11 0.91 1595 382 1659 446 11 0.85 1595 446 1786 510 3 0.95 829 1531 1659 1850
a331bdf1d1289608fc61e1fa6cc757a3,3 0.98 975 1381 1950 1788 11 0.95 894 325 1137 406 11 0.93 1544 325 1788 406
a3395fc2c4716272d137ce664e7f0a4b,14 1 0 0 1 1
a34f54c73ecd89db6155fab8cec6b999,11 0.94 812 243 894 325 11 0.92 894 243 1137 325 11 0.9 812 325 1056 406 11 0.88 894 162 1137 243 11 0.87 1544 162 1788 243 11 0.86 1544 243 1788 325 3 0.98 1056 1381 2113 1788
a34f741d1e299b6f7d45ef8abe29dac6,14 1 0 0 1 1
a36217236c03b1daaa338c22cdbbab87,3 0.93 1277 1671 2457 2162 11 0.88 1867 393 2064 491
a384e99cde85590d5d4273d65b921282,3 0.88 786 1441 1572 1769
a3874b272553659e7d83cfaf09dad9e0,3 0.98 943 1494 1966 1887 11 0.9 786 314 1022 393
a3a1502e8a9916bfc472b71538e7714f,3 0.99 701 1659 1595 1978
a3a42d483cf9c22b5e8641bcef210029,3 0.9 224 1868 1270 2242
a3b5403784ffb7faa00003009aaa1d45,11 0.88 672 299 897 373 11 0.85 523 299 747 373
a3da04532e2668e7fcc7f3e544b6e7e3,11 0.94 2013 350 2276 437 11 0.92 1926 350 2013 437 11 0.91 525 437 612 525 11 0.86 525 350 700 437
a40ebf6bbcafde17ab85ba720de1e686,3 0.99 805 1610 1852 2013
a4284b7a3ea82f02a8a84f3a61633ba1,3 1.0 829 1531 1786 1850 11 0.9 574 510 829 574 10 0.85 127 1786 1148 2169
a43c51dd8e8e501bb4c3a3054dd046c0,3 1.0 811 1695 1769 2064 11 0.91 1327 663 1622 737 11 0.89 589 663 811 737
a450a8bf5b6f81cdc6111bc26d512856,3 0.99 881 1602 1842 2003
a45f609b1a50d56739f3ee575b70badb,3 0.9 720 1376 1572 1703
a471a7ca10ccf8c873b6cc82fcedd4aa,14 1 0 0 1 1
a4b634d0e5c63f318bcd8dac6c029fc2,3 0.96 1376 1474 2457 1867
a4bb549a594457090a24f663d38e314d,11 0.85 1725 225 1950 300
a4c53519d7af7aba7473d67f07afc21a,3 0.98 1089 1633 2268 2087
a501e9ea8988356d9bf03155518dad34,3 0.99 765 1531 1595 1786 10 0.94 1531 2105 1595 2169
a5077fc4cfddf23d5357c5f1bb3afe63,14 1 0 0 1 1
a514cf41182665c95c401f8be8bb4b7d,11 0.89 1023 279 1303 372 11 0.89 186 2234 279 2327 11 0.88 1954 279 2234 372 3 0.87 1117 1675 2327 2141
a54dfc022eedd7f8ba392bc6dc243f5b,11 0.91 1867 294 2162 393 11 0.91 1179 294 1474 393
a550a845b14d4d14fb51aec4638101e1,3 0.99 1108 1535 2217 1961
a5555ff6d40a725f85f8e256763dd102,14 1 0 0 1 1
a559fdd5f4dd5701aca2964c82857d42,14 1 0 0 1 1
a59a3566eec80ff22c3bc7d1e3f4f72d,14 1 0 0 1 1
a59c21bc96c0d0c599ba2447ce946bde,14 1 0 0 1 1
a5de9d455b2d8582198986939001bf9e,11 0.85 1761 251 2012 335
a5eabc3dd2734b211c9b09205443a2ea,11 0.95 747 299 971 373 3 0.98 971 1345 1868 1719
a651f4b5a5f723845a76084017650322,14 1 0 0 1 1
a68eed5e92eba6f867bf9cfbcc7c6d86,14 1 0 0 1 1
a6967906c3e742137e65cd797236c01f,11 0.96 1848 588 2100 672 11 0.94 588 504 840 588 11 0.86 1848 504 2100 588 3 0.97 840 1764 2016 2184 0 0.87 1344 1008 1680 1344
a6a9a60f22b70029f82e04bd2d5823cd,11 0.93 2141 1970 2312 2055 11 0.88 856 256 1113 342 3 0.98 942 1541 2055 1970
a6c7487aea4a4e9c3bdf351c1ccaeca3,3 1.0 903 1581 2032 1957
a6d47d373ff5dda12313d71b37a8f7af,3 1.0 701 1467 1595 1786
a6df473195e09e64ea2dd37ab269b81f,11 0.9 1834 159 2074 239
a6efbd286c6fef24cb3eea55d4450eb5,3 0.99 829 1212 1659 1467
a6f29ff09ae2e8a11cf1e151471fdcba,3 0.98 1277 1376 2457 1867
a6f83640b41a64326aba96cdef3133dd,3 0.99 1014 1859 2113 2282 0 0.89 1268 1014 1606 1352
a6fd708c49961e31f03d1c0423a26b73,10 0.88 192 2496 288 2592 3 0.92 768 1152 1920 1632
a704862ae5aae0c79c5c25f0d1015084,3 0.99 638 1276 1403 1531 11 0.88 574 382 765 446 11 0.87 1212 446 1403 510
a73dcf600646ab4aa44b173947fcd250,3 0.98 806 1209 1679 1544
a76af416c19ccdcd6b4c0ad86b08340b,11 0.91 1964 446 2054 535 11 0.88 178 1964 267 2054 11 0.88 1607 357 2054 446 11 0.86 178 1875 267 1964
a7a4d298c34a295825515df73ee720a7,14 1 0 0 1 1
a7b8a9e921ea304362918523cc3529ef,11 0.95 747 598 971 672 11 0.89 1495 747 1644 822 11 0.89 747 672 971 747 11 0.87 1420 672 1644 747 3 0.89 448 1569 1495 1943
a7b95bc6823cdde758fc58a57885ca20,11 0.91 1276 191 1467 255 3 1.0 829 1339 1722 1659
a7c42a5d0723d41c389b35c2c3251f88,14 1 0 0 1 1
a7ce329e4064a63c4b7f3efb7c6b2dde,14 1 0 0 1 1
a7db5a105f5e78792f0164a843d58440,3 1.0 638 1339 1531 1659 11 0.86 574 319 765 446
a7e8992bfbf1e24fb95721fb71e51159,11 0.89 894 243 1137 325 11 0.88 1706 243 1950 325 3 0.94 1137 1381 2194 1788
a80ed41299d1b739fb229bea79072a42,3 0.99 701 1084 1531 1403 11 0.88 638 319 829 382 10 0.88 127 2105 191 2169
a81511be3f69b30f5d04989b3b2319f0,14 1 0 0 1 1
a861ebc33e21bf2a73d3e9b8cccbf526,3 0.98 765 1531 1595 1786
a868475eb59e09a1fc9d6d5c12511d43,3 0.98 1045 1287 2172 1689
a8738fcce7411391f6c9804a7458d45e,11 0.92 701 382 893 446
a87c6ab4132c0ef29ebf51bc418ce921,11 0.9 1625 243 1869 325 11 0.9 894 325 1137 406 11 0.85 1056 162 1219 243
a87deadff44a29f5c23ab572b217ccc7,3 0.99 997 1495 2160 1911
a88f299e626d550027eaeb70250032ef,3 0.92 894 1381 1950 1788 11 0.85 1625 487 1869 568
a88f300d72faf94ee8360906f4354851,11 0.91 1835 524 1923 611 11 0.9 611 524 874 611
a8a87a9713db7e487362b5f8ecf4e387,3 0.95 706 1625 1554 1978
a8b1710cb5c6838d9ec9394cc9d3e54e,11 0.92 1548 516 1769 589 11 0.86 737 589 811 663
a8bdfce0a004e021326f6bc6b3cbe879,3 0.96 920 1674 2009 2092
a8be2c2f3cca4561d6d849412dfac1e5,3 0.98 765 1403 1659 1722
a8eea443a1b6ff5a66a5b3d9ca3b43ec,11 0.91 2064 294 2359 393
a91d7a2861df777e89f50e82a13c951a,14 1 0 0 1 1
a9502c70f079a56f8069b0e5fd9108af,11 0.9 668 477 1050 573
a9653a3944debde919a631ede6f9ac5e,3 0.99 720 1310 1572 1638
a96be9e6b0e037a1c534c965fe7c5e44,14 1 0 0 1 1
a98c821850d44edfeb4c87e5b247f384,3 0.99 814 1290 1697 1629
a98eb78f76b41f3b87faecc6e10e56fa,3 0.91 929 1690 2113 2113 11 0.87 676 338 1014 422
a9bdb1569185a68c00c7e1df3a5c7a7a,14 1 0 0 1 1
a9bfb9e92e3303005bbb9e98a86bd3c8,3 0.92 957 1596 1995 1995 11 0.9 638 239 877 319
a9c0ae6876251773ec5aeacde33d8259,3 0.91 726 1210 1573 1512
a9e40cab375d5e1ce347b4f5587d7579,11 0.93 1276 382 1467 446
a9eb578a8362fedb2ae92bc6f2ba72c9,3 0.97 801 1522 1842 1923 0 0.9 1282 641 1522 881
a9f5053df6cf18b5e52173b038bddcad,3 0.99 638 1339 1467 1659 11 0.88 1276 255 1467 319
aa15cfcfca7605465ca0513902738b95,3 1.0 765 1339 1531 1595 11 0.94 1276 255 1467 319
aa1d47b139a6511c9d82741ec9dc8607,3 0.99 865 1658 1802 2018 11 0.88 1658 576 1874 648
aa36be0450cf8113111df8d7f4c30859,3 0.98 1344 1632 2400 2112
aa6eac68ec54061a4d8db4e92fe26fca,3 1.0 720 1245 1638 1572
aa7bcd8dfeacb7484a0c88b472497780,14 1 0 0 1 1
b3c53b567b4981605f758d83d2e91d90,3 0.97 795 1193 1524 1524
b3f67ac077531f44dd06275af31edbd9,14 1 0 0 1 1
b437738182ad6fbdcfa6f6e1d220dad2,14 1 0 0 1 1
b440e6708f332a8be9eeccc368b0df24,11 0.9 747 523 971 598 3 0.94 897 1495 1943 1868
b444c3063cb1d803686df3e724af8ffc,3 0.98 920 1611 1918 1995 11 0.91 844 306 920 383 11 0.88 1457 306 1764 383 11 0.86 1611 230 1841 306
b45212c0181a586f4e50896ed1ade593,3 0.97 1248 1632 2400 2112
b459a50805be69b1b31dcd7776cf685c,14 1 0 0 1 1
b45de8c5c4a5ec655fe0d6250a45c218,3 0.99 765 1467 1531 1722
b460bd8e31516f538e866724f62b0e53,3 0.98 917 1310 1769 1638
b461cd28bc17c294dd986d0d91577ac3,3 0.93 842 1555 1749 1879
b4801175f8c958f46679cb01729a3aa3,14 1 0 0 1 1
b4892a156d2b51f8a33413e447cd07a4,11 0.9 1859 422 2113 507 11 0.89 2029 507 2282 591 11 0.89 676 422 845 507
b49ae99734943af981150e563b4bf26f,14 1 0 0 1 1
b4b4f6bd4783d0b7659280181ac022e3,14 1 0 0 1 1
b4be21fea9b9bf0992e72d56db1a2cc9,3 0.99 638 1403 1467 1722
b4c301c911e519f94d0e2752fa3e1a52,14 1 0 0 1 1
b4c7e3c3881a4f6198995e41c28ee42f,3 0.99 811 1548 1843 1916
b4d7956d7abb534e5eb9654cb6ce0447,11 0.92 1544 325 1788 406 11 0.91 894 325 1137 406 11 0.9 1463 243 1788 325
b4e78fa47b3675c8de1ceae320bc4bf9,3 0.89 1047 1128 2095 1531
b4f74f85787bc1cda0604360f5ed3480,3 0.99 967 1532 2096 1935
b4fe965a759d442827c1b2a9dd1cf07c,11 0.89 864 384 1152 480
b514266c17d677f96256830c911cd360,14 1 0 0 1 1
b537b8151e99a7cb62d9e8173802047b,3 0.98 720 1441 1572 1769
b56a27064980bc682ef60687a7938dc0,14 1 0 0 1 1
b58e4a983569ccea8cffdc2366efb4bc,11 0.88 1081 393 1474 491 11 0.86 1867 294 2162 393
b5adba906f51061c5cc1bf23ab268b44,3 0.99 701 1212 1595 1467 10 0.97 127 2105 191 2169 10 0.88 127 2041 191 2105 11 0.86 1276 255 1467 319
b5b8e63ea1d8857d9ef8972a5ffd40ad,11 0.92 726 242 969 323
b5beecb493aba85a65672ec29595e2ec,3 0.93 929 1690 2029 2113 11 0.89 676 338 1014 422 11 0.85 2029 591 2113 676
b5da01c47f383175b34189c9e0a604fc,11 0.94 598 299 822 373 3 0.93 747 1569 1719 1943
b5db31329914f79adc2225e63238e057,3 0.97 924 1597 1933 2017
b62d8ad6e5876091e7ecfb170aacd533,3 0.97 1092 1911 2367 2367 11 0.91 182 1820 273 1911 11 0.91 182 1911 273 2002 11 0.9 182 2002 273 2093 11 0.86 728 455 1092 546 11 0.86 182 1729 273 1820
b6306e43c25510ae95720bc16ce3e9df,11 0.88 731 325 1056 406 11 0.85 1544 243 1869 325
b64e66f5c1d00d05deccaa8be754073a,14 1 0 0 1 1
b65467fc097115261fe11d2a99ccb5cd,3 0.97 980 1433 1885 1810
b6629ab57e020267189a0e0cd5477442,11 0.92 1719 515 1976 601 11 0.88 1890 601 2148 687
b671f9ce0398d6aad805083ab7f5567d,14 1 0 0 1 1
b6742642009842b72acce666991e9495,14 1 0 0 1 1
b680342f191c8188c2ac1b2b1876a2ee,3 0.97 786 1310 1572 1638
b681e8429d0e437034518de0ae6f6468,3 1.0 829 1212 1659 1531 0 0.91 1020 510 1276 765 11 0.88 1339 255 1531 319
b688050e1558b6377a64246e88bfce3d,3 0.88 893 1595 1659 1914
b68ed20e5c6ebee881077e813b8328d0,11 0.93 672 252 756 336 11 0.89 1848 336 2100 504 11 0.88 504 336 840 420 11 0.87 588 336 672 504 11 0.85 756 168 1008 252 3 0.98 1008 1596 2100 2100
b6909bb49fea3015f46335ed2ebb9da4,3 0.99 701 1148 1531 1467 11 0.93 574 255 765 319 11 0.9 1276 255 1467 319 11 0.89 574 191 765 255
b698b97d189f5660ba5ffa52c142ac50,3 0.96 961 1201 2003 1682
b6aecabe61430787ed4cdeb4409da3cb,14 1 0 0 1 1
b6c2293402377da9dc28dc65609022f0,11 0.86 864 384 1152 480
b6c2c6dd309938a3e4f695269871fce9,11 0.92 747 299 971 373 11 0.88 672 299 747 373 3 0.98 822 1270 1868 1644
b6cd281d9e2086509d4aff85866aa1dc,3 0.99 829 1595 1722 1914
b6ee9286885962e0dd8670232858dda5,14 1 0 0 1 1
b6f79693e9ae47422c76c434ad003fa9,3 0.88 897 1794 1794 2167
b7087046414717d69791b6fd66fa9e4d,3 0.96 897 1420 1868 1794 0 0.87 1196 672 1495 971
b71c18e9ca2ee28e46da0e5a97d38e91,11 0.95 745 372 1025 465 11 0.94 652 279 1025 372 11 0.92 186 1770 279 1863 11 0.91 186 1863 279 1956 11 0.86 2050 372 2143 465
b72eb8bfb19f645faedf529f848b34aa,11 0.91 672 448 897 523 11 0.87 672 373 971 448 3 0.93 897 1569 1868 1943
b75472be12becf759504730560a8d6e2,14 1 0 0 1 1
b7806ab0cae2d0a9e40e009a354e4712,11 0.89 1728 384 2016 480 11 0.86 864 288 1152 480 3 0.88 960 1248 2016 1728
b7938de5b6940f45173e8f1e03b9396e,3 0.9 1121 1196 2167 1644
b7a6886c351cbdd8af911e2f813d9c65,14 1 0 0 1 1
b7b4381159d2df03eae9c807e19c5f11,14 1 0 0 1 1
b7c7ddcf253b397213116453bb085158,11 0.87 2215 265 2304 354
b7f01aa169cb6fe393063386530595c3,3 0.99 829 1148 1595 1403
b8009ecfdc228cb909cbeae50c352d2e,3 0.95 902 1428 1804 1804
b83b3054e9691c9a180063acd5a3b8ea,14 1 0 0 1 1
b856f3db2491d631aa4300206b97ff82,3 0.97 897 1495 1868 1943 11 0.95 672 448 747 523 11 0.9 747 373 971 448 11 0.88 598 448 672 523
b857eb04491bba364d72288ba1ca6fb5,3 0.99 811 1253 1695 1622 0 0.9 1105 516 1327 737
b8603c52ef3d03e6f9da6af8a089b455,14 1 0 0 1 1
b865bef830c36650ace8b36d2d07fba3,3 0.98 1036 1514 2152 1913
b8756da75ca0ff37e9124e4480fa5c51,14 1 0 0 1 1
b87fe4c1166680aa2e67644306baa246,3 0.95 971 1569 1943 2018 11 0.92 598 448 672 523 11 0.9 672 448 897 523
b8a064a85a04c00695de94136bd58955,3 0.98 1014 1690 2113 2113
b8a1303cdf5f86a9e3d1f88793dcf8f9,14 1 0 0 1 1
b8a25a8351b2d2b97953651a7c22c304,11 0.91 1148 191 1339 255 11 0.89 510 191 701 255 11 0.85 1403 319 1467 382 3 0.97 574 1212 1276 1467
b8e2cb8633a5299a8dec2087ad3e997e,3 0.92 574 1403 1403 1722
b8f93143f14cf418de65d17783e1beff,3 0.88 1047 1449 2094 1852
b9182fc1e8c26b2642e8cb47ead586c7,3 0.98 638 1339 1531 1659
b91c79d745aaf2676d55c05b895171f4,11 0.94 1463 243 1706 325 11 0.91 894 243 1137 325 11 0.88 650 243 975 325
b922119aa88305502c4a33b7223b8931,3 0.95 881 1842 1842 2243
b92f500effea3979596d1ad5833d62aa,11 0.95 650 325 975 406 11 0.94 1544 325 1788 406 11 0.9 1706 325 1950 406 11 0.85 1381 243 1788 325 3 0.97 975 1544 2031 1950
b933b11d1a87912401b3839c0624bf48,11 0.93 747 373 822 448 11 0.92 598 448 672 523 11 0.92 672 448 747 523
b946a39ccc9817429acdf4034de8ad5a,3 0.93 961 1362 2003 1762
b95f1cf07f0b4aa8a18d890b1712223e,3 1.0 1200 1457 2487 1886
b96a3e433f58b05ee579632dc85c1f6b,3 1.0 963 1408 2001 1779
b977cbb35dc5a4d783bf23ed11249e20,3 1.0 701 1148 1595 1467
b97f303f7576feb4b730d785af3fde1d,14 1 0 0 1 1
b97f663c47127668b341cae3b9a862ee,3 0.94 1046 1771 2173 2173
b9a1cd8ead2d5c04b61217622da831ed,3 1.0 765 1403 1595 1722
b9b22942e3e21e497ac0923986c5f4a1,11 0.91 1056 384 1440 480 3 0.92 1344 1632 2400 2112
b9caeb519529294311110360f5c59a7c,3 0.88 1179 1867 2359 2359
b9d474f14b730f98f89ebacc42de9dcf,14 1 0 0 1 1
b9dcec0d41bcd2acb499745d5aeeaf08,14 1 0 0 1 1
b9e16712bb4e0ba0adfe77973be8942b,11 0.89 701 382 893 446 11 0.88 1403 446 1595 510
b9ec82c648a5bd49b914014151a8a31a,11 0.86 598 523 822 598 11 0.86 1868 1569 1943 1644
ba069b56d87a5ff7be250ed5abebcc07,3 1.0 1128 1450 2095 1853
ba149dfb4f399902c41699b514d9fe39,11 0.93 516 589 737 663 11 0.87 1474 589 1695 663
ba1cf5031a6f73a997901af57110de77,14 1 0 0 1 1
ba38573ea116b6f1b299fe7f8843325d,3 0.99 1006 1626 2013 2013
ba4aab9350d482e5540d27184ededf0b,3 1.0 877 1389 1755 1755
bac58dc3a82b5a3d1f1affc2e9a5d6cf,11 0.93 1548 442 1769 516 11 0.93 589 442 811 516 11 0.92 589 516 811 589 3 0.94 663 1622 1622 1990
bac9afd1d1a6676624cf108e90a78a64,11 0.87 1720 234 1955 312
bad694ad153ee9c56ffda84575095111,11 0.87 1148 574 1339 638
bb1156d79ce6e6bae259c2292e20e857,14 1 0 0 1 1
bb3cb6e89c003ad4be9c6141b1d66723,11 0.94 598 299 897 373 11 0.85 672 373 897 448 3 0.91 897 1345 1868 1719
bb3db5b1a3631c3f07ab30b3e53246e1,14 1 0 0 1 1
bb5ffb34f5baa01ec1e47df249046609,11 0.93 636 636 715 715 11 0.88 875 397 1113 477 3 0.91 1034 1750 1988 2147
bb80a296415463575853956be0fed4f4,14 1 0 0 1 1
bba85e01002c2197143466b7a8e9f692,14 1 0 0 1 1
bbab4dd25cce6bcce8cfbc431301d5e1,14 1 0 0 1 1
bbd308679b0ad1c2891ed0e90c732b6a,3 0.98 732 1464 1530 1797 11 0.87 465 266 732 332
bbded36443480f20efc2a93c6c353369,14 1 0 0 1 1
bbe48901af3e353ba17d85aee2eb9430,14 1 0 0 1 1
bbe5760fffa7c61ff8cf806b734ce19e,11 0.96 747 373 971 448 11 0.91 1495 299 1719 373 11 0.86 598 523 672 598
bc100835ebd9995414e3c7a23ca2b4dc,11 0.88 1867 393 2260 491
bc1403d8be913097e5fd52ef49cc3655,14 1 0 0 1 1
bc171f3a7bd378efe1d1b304ed1d724b,11 0.9 1276 446 1467 510 11 0.86 1339 510 1531 574 3 0.93 638 1531 1403 1850
bc174956c6e2b4ba65b4839da84f8aee,3 0.99 829 1467 1659 1722 10 0.86 127 1786 1148 2105
bc247fbc4a986f2974c1d8b158de77bd,11 0.88 1625 325 1869 406
bc288b3d6a7c674d372b85133272b09a,14 1 0 0 1 1
bc2d1001a5a4acb812b6a3b53337cb95,14 1 0 0 1 1
bc49943587ae2b5222a500b9a964d827,11 0.95 1837 334 2087 417 11 0.92 668 334 918 417 11 0.87 1586 334 1920 417 3 0.87 1002 1670 2087 2087
bc4b495efde3de3353f1a7f250c46f61,14 1 0 0 1 1
bc5d6b85baf1c2737efd005e66e1995d,11 0.97 1869 2682 2357 2763 11 0.91 1544 243 1788 325 11 0.9 812 325 1056 406 11 0.88 1300 243 1625 325 11 0.87 894 243 1137 325 3 0.9 894 1463 1788 1869
bc783ccd6ff9cc50bbf3b4f5cdc7b147,3 0.96 747 1719 1719 2093 11 0.86 448 523 747 598
bca5ec639700e1211d7a65117109992e,14 1 0 0 1 1
bcb4b44fea2b97470a3cb8534a082421,11 0.89 1081 393 1376 491
bcdeff957f94624ea168c2908ab41eaf,14 1 0 0 1 1
bce6bcf6038371280f01a046751af32c,14 1 0 0 1 1
bcf0466bfc6c67cd3b20194aa5df4d97,14 1 0 0 1 1
bcf20ca8b53b8e36caeae0010d9f4657,14 1 0 0 1 1
bcf3c35b0f1ad4207e6fb9f46e8705e5,3 1.0 1056 1536 2208 1920 0 0.85 1440 864 1728 1152
bd20f59b67212bfe34b7b144c09f1280,3 1.0 893 1722 1659 1978
bd27d79dffb6c8668a1e3da61e90a74f,11 0.85 747 448 971 523
bd47ad80d27388c806ee4575f39845a5,3 1.0 743 1284 1689 1622
bd69cccb6dd89f9cf9b32f924fe69d2d,3 0.96 776 1164 1682 1488
bd6d55f7df34a4347f106831229d0d18,3 0.98 935 1403 1871 1793
bd82db165ef94f385d9f023a42d181a5,11 0.9 897 224 1121 299
bdbd25ea1bf319c14bd215a4cc54a79a,3 0.86 912 1276 2097 1732
bdcb6465cb7a26e2708b2ef00eae27e7,11 0.95 559 319 799 399 11 0.93 1439 239 1679 319 11 0.89 2239 1839 2319 1919
bdd762b3c87ea8261290c6f2825ddcf0,0 0.88 1114 655 1310 917 3 0.93 851 1376 1638 1703
bdf39912dfbf595b96291c08833ba940,11 0.98 1890 257 2062 343 11 0.9 601 257 945 343 11 0.87 601 343 859 429
bdf81a571d4164c54e1d57e870bab752,3 1.0 989 1554 1907 1907
be16ae3b7ba6e3bdcfa6b262e819f78d,3 0.93 900 1426 1876 1801
be39af57fa823e11f4559891d1d6ea1f,3 0.95 1026 1579 2053 2053
be794e647d0f6f47a4cd21964c6f96e5,3 0.99 701 1595 1531 1850 11 0.9 638 574 701 638
beaf2c5dd03389619b306ba42e2467d3,3 1.0 574 1659 1403 1978
bebbc91bc41beeb5580968fb34b7c5e2,14 1 0 0 1 1
bedde2f4c9096f6ebc1dc23508b05b6f,3 0.99 1047 1530 2174 1933 11 0.87 724 483 966 563
bef145a9dd524d1afdb2394c953bb978,14 1 0 0 1 1
bf529c2d05e73db33c61d0672d768ffe,11 0.93 1212 191 1403 255 11 0.91 638 191 829 255 11 0.89 574 191 638 255 11 0.86 1403 191 1467 255 3 1.0 765 1148 1595 1403
bf5674a53aa324a186a71c78c2810679,3 0.94 886 1624 1846 1994
bf5ba5b99fc00f8c786977623a50b8a6,3 0.94 707 1415 1544 1737
bf6fd03f1aec7297c29722cf210c16f6,3 0.91 1048 1114 1376 1900
bf754344a692a87c08c480dccf75e0c6,11 0.9 1179 393 1474 491
bf89d440d622cb288d209ac9b7d63a19,14 1 0 0 1 1
bf8d52c878563a85c0a07857bfba0d58,0 0.89 893 701 1084 957 3 0.88 638 1276 1467 1531
bfa46ba9d72fcf9033c02b65b5b82438,3 0.98 1046 1719 1943 2093
bfae73fca53a1656750ea6499bd98167,3 0.96 1022 1766 2231 2231 11 0.88 1766 371 2138 464
bfc96c37612b42b22d20e825b588d94e,11 0.9 1966 294 2260 393 3 0.93 1277 1376 2359 1769
bfd1974dc9778aadb407a11b57ab748f,3 0.98 881 1762 2003 2243
bfdcd33a8d6f3a4c40ea46a733c323e9,11 0.86 523 224 747 373
c009c5428f102cd58e7679dedff33718,3 0.95 765 1276 1659 1595 11 0.92 701 382 765 446 11 0.87 638 382 829 510
c0347e6100231b22e4f5f80eb0e08613,11 0.87 1276 638 1467 701 3 0.96 765 1467 1531 1786
c047dfad0159ea8ea9d9bdba39e98a74,3 0.97 1047 1691 2013 2094
c057d680cc5c76dc89f01c5945267508,11 0.88 614 263 965 350
c063548352d80a5460f857b15ff472ec,3 0.99 885 1327 1917 1696
c06b82fd93dbc1cc113b779b69b1696a,3 1.0 765 1212 1595 1531 10 0.94 191 2105 255 2169 11 0.88 1212 191 1403 255
c07a2a2fae1462d1b0dc1bd308adf2d8,3 0.91 894 1544 1869 1950 11 0.87 894 325 1137 406
c0a744921a7e56527df34fe1bd869f10,11 0.88 574 446 765 510 3 0.99 701 1339 1531 1659
c0de486a10d82d07710af756e7b5c6a4,14 1 0 0 1 1
c0f93c6eb04c2dc01ace95c784f73cd3,3 0.89 866 1496 1969 1890 11 0.94 1575 236 1812 315 11 0.86 709 236 945 315
c113a6afc94fc8b97464b31c9de085ab,11 0.85 427 427 512 512 3 1.0 1025 1537 2221 1965
c132f3ce5f6d879d3b52768f42a6a92c,3 1.0 897 1270 1868 1644 11 0.96 672 299 897 373 11 0.89 598 299 672 373 11 0.86 672 224 971 299
c16c47a1f9a2a3e3b5c85338ad2ff317,3 0.9 958 1548 1916 1916 11 0.93 737 221 958 294 11 0.87 737 294 958 368
c18ad9bd627d74fb2e47c7555ae8e0dd,3 0.99 893 1403 1595 1659
c1922c6a2b899ac35298bf939bffff8c,3 0.96 975 1300 1950 1706 11 0.92 650 243 731 325 11 0.87 894 162 1137 243 11 0.85 1625 243 1869 325
c1d8e02bc4d3b5e14672235659c061d3,14 1 0 0 1 1
c1e7586283e0dccbc153dddd3dfc0ec1,3 0.99 829 1531 1595 1786 11 0.89 701 638 893 701 10 0.85 127 1659 191 1722
c27681e26f9d36339d4ad1ae220ca69a,3 0.99 1152 1536 2400 2016
c278a13ede5fb3772438420b1fb6855e,3 0.95 1046 1345 2018 1719
c28e30456f3d1b1dda8a22f958b7aa96,10 0.96 1659 510 1722 574
c2b303919b4fb1a317302c51de931d2c,14 1 0 0 1 1
c2c1843b4ca2644b92d5387358dc8bc2,11 0.93 767 383 1151 479 3 0.94 1151 1534 2302 2014
c2e13e12172f1d2b7e4a8e784b4b16c8,3 0.93 806 1686 1760 2053
c309b6c9384427e3f85b3d339f72905c,3 0.98 989 1293 1978 1674
c31f6dca61b85d62c7ed381953ecf7a4,14 1 0 0 1 1
c323cc8b05ddefbf7a5b61d4d169b221,14 1 0 0 1 1
c327595fc9f648b5deacf0dbf3c4533c,11 0.88 547 547 625 625 3 0.94 938 1485 2032 1876
c32e57bf82f608263ecdd1a221a1ac37,11 0.97 1798 327 2044 408 11 0.95 1962 327 2207 490 11 0.94 654 327 899 408 11 0.91 1880 245 2125 327 11 0.89 654 245 981 327 11 0.86 1716 245 1962 327
c337eb2061afda32f9639e065cfcfa51,3 0.97 1014 1690 2113 2113 11 0.91 1859 422 1944 507
c3456aa1383b2436b9e25a2e57c67f7e,14 1 0 0 1 1
c34ccf37fcb956312549d7a582f19788,11 0.88 1056 384 1344 480 11 0.86 960 480 1248 576
c359405507bb499761ca794c4951dd57,3 1.0 701 1084 1467 1403 11 0.93 574 191 765 255
c374e62c67f8e7a4d460e37d56bfa852,3 0.95 928 1356 1784 1784
c377f3a25159c6cf5d48a346d522db65,14 1 0 0 1 1
c390e5919988358ba2aaf0b7acd2c7b9,11 0.89 1276 510 1467 574
c3ba79a8d1931b40cfb75ded4ec3027a,11 0.93 811 589 884 663 11 0.88 737 589 811 663 11 0.88 737 589 958 737 3 0.94 737 1548 1695 1916
c3f1d51f1ef2fcad77bf099d4e0e400d,3 0.99 1163 1342 2236 1789
c3f6c25774cd7a6190ce10f919087585,14 1 0 0 1 1
c3f81b5f19dd0e3518026b662fad6ce9,11 0.91 626 358 984 447 11 0.87 1969 358 2237 447 11 0.86 1700 268 1969 358 11 0.86 1879 268 2237 358
c4232411727c2821c17c059a260427d9,3 0.97 969 1592 1869 1938
c4311217936b89f9dbcc6fb57e00b40d,3 0.99 953 1509 2065 1906 11 0.86 1906 397 2144 476
c433a34f8cf9c7b894a9d52c80678b0e,3 0.92 955 1751 1990 2149
c44019b20cfb91f016432acfd1ae267b,11 0.95 747 448 971 523
c4588ebcfb2b1a1fb509c168bcc8a5d2,3 0.86 765 1339 1595 1659 11 0.89 701 382 893 510 11 0.89 1339 446 1531 510
c470f50ba44e94bd97618c758c360557,14 1 0 0 1 1
c48a586efcfc5197e89f9803c68fa0f3,3 0.91 939 1487 1956 1878
c4abfcf085f2d42afc64670428c92695,3 0.97 975 1300 1950 1706 11 0.92 731 243 975 325 11 0.91 1463 243 1706 325 11 0.87 894 243 1137 325
c4b1d5911fa6db319174a4244d28c193,11 0.89 1867 294 2162 393 11 0.87 1867 393 2162 491
c4c30a5d7c71d6fe1c94d6be7084c5f3,3 0.91 987 1316 2057 1728
c4c6b6599a13c1c914b839f7a9f79540,3 0.99 1344 1824 2496 2304
c4ee0ef309fe9cda88a619df32e7f017,3 0.97 829 1276 1595 1595 11 0.89 638 382 893 446 11 0.87 638 319 893 382
c4f9d83040df630bb716bd84947d841e,11 0.9 884 294 1179 393 11 0.88 1867 393 2260 491 11 0.87 1867 294 2162 393
c4feb69f2503b9b8877e7eb4fff64606,11 0.87 281 2254 375 2348 3 0.91 1127 1221 2160 1691
c5026a45c2acc85937d1f13c2638f97c,14 1 0 0 1 1
c507a510f4c6b6f210fb060d241c6d8a,14 1 0 0 1 1
c5275940f8aaa064bf37cbfcac5d3890,14 1 0 0 1 1
c52f84d7c7c66721ab0d01c181361fa5,3 0.99 829 1531 1595 1786 11 0.88 638 574 829 638
c534d7f44cbfa9d8baab4ffeeb35f053,3 1.0 765 1212 1531 1467 11 0.87 638 191 829 255 11 0.86 1212 255 1403 319
c5862a6925bc6ecf894a73710cdf6b79,11 0.9 638 382 829 446 11 0.9 510 446 765 510
c58fac126b9ea21f2188b3c57dd3beed,3 0.97 786 1245 1638 1638 11 0.85 1376 524 1572 589
c599b8e1af4bf986d23b7c6d93cf62b2,3 0.99 897 1569 1794 1943 11 0.9 1569 523 1794 598 11 0.86 747 523 1046 598
c5ce86ee4edfdeb82681625ce2c49111,11 0.88 1148 510 1339 574
c60aa60b2857102c8e76d359bc848a14,3 0.99 638 1722 1531 1978
c60b8c80551ad7d90c91c3097deb160e,11 0.94 1663 475 1901 554 11 0.91 475 475 713 554
c618cf8cf1bb38367cbe5a21a9fa56d7,14 1 0 0 1 1
c61f7e35aef4b38aa85063ffbe65218e,11 0.91 812 243 1056 325 11 0.89 894 162 1137 243 11 0.85 812 325 1056 406
c642210a54ca331c2a1bdcf6fbb7eac7,11 0.95 1917 456 2009 547 11 0.92 182 1278 273 1369 11 0.88 2009 456 2283 547 11 0.86 639 365 913 547
c654ed5ce9230aa6abef4e46f43b622a,3 0.99 860 1434 2080 1865
c65d1bc01538c40e79d946c4d7a14347,3 1.0 638 1403 1531 1722 11 0.88 1276 446 1467 510
c65e513c66dd262ab0558ed9d1b7e5be,0 0.85 1282 801 1602 1121 3 0.87 961 1442 2003 1842
c67911931c2b1daf694d97eb139a9807,11 0.85 811 442 1105 516
c6829051ecb281656c987fa2cfe5c706,10 0.88 255 1850 1148 2233 3 0.95 765 1403 1722 1722
c69d1ce26c6b8f5eb5e6771363f5c12f,14 1 0 0 1 1
c6c08255b1a5afe8864b9c5296fdabdc,11 0.89 628 235 942 314 11 0.86 549 314 707 392
c6c7b52660b17c859e81f3e29a9290fd,11 0.94 1625 325 1706 406 11 0.9 1544 325 1625 406 11 0.88 1869 2682 2275 2763 11 0.87 1381 243 1706 325 3 0.93 1056 1381 2031 1788
c6d180c86c53a79553a1773e9df1ca86,11 0.86 639 399 879 479 3 0.88 879 1119 1919 1519
c6e3be1241543bb899417700ee878ccc,11 0.92 1248 384 1344 480 11 0.92 1248 288 1536 384 11 0.87 1152 384 1248 480
c70a517fbbd3b5dee67d304ba3e81cd8,11 0.92 728 485 971 566 11 0.86 161 2105 242 2186 11 0.86 161 2024 242 2105 11 0.86 1781 566 1862 647 3 0.92 971 1781 1943 2186
c7179539654a1b3b7977e56e7e3009d5,3 0.96 672 1345 1644 1719
c71ec718a548aec5a16ff655d9bf9a04,3 1.0 898 1197 1946 1571
c724fb901723f7818d601846371e2f72,11 0.95 638 191 829 255 11 0.89 638 255 829 319
c73fd15d048336d86409528136f7bf25,11 0.87 479 191 623 239
c74edc445d2186be8ad8cb8e57787e3e,11 0.97 1495 448 1719 523 11 0.95 822 448 1046 523 11 0.95 1719 523 1943 598 11 0.94 1644 448 1868 523 11 0.91 1569 523 1794 598 11 0.88 672 523 897 598 11 0.86 822 373 1121 448
c7629472a268558926052733d25e66cc,3 0.94 848 1612 2121 2036
c76cc6842dd21b058883c74433af4df7,3 0.99 701 1339 1595 1659
c76cf9daa7ac9cb5e2b839223a25e3e8,3 1.0 851 1441 1835 1769
c78e3f7d26c9e4675005b46561c5a1d2,11 0.91 435 435 497 497
c793051629f27947bcf1796ef849384c,14 1 0 0 1 1
c79ad7c6175224bae4c1c82473d2402f,14 1 0 0 1 1
c7a6447eb7bd68b642972660f26c0362,11 0.94 1867 294 2162 393 11 0.9 1966 393 2260 491
c7ce1b138108b73cd9a77c488b8b3e76,3 0.99 701 1148 1467 1403 11 0.93 638 255 829 319 11 0.89 1212 255 1403 319 11 0.87 638 191 829 255
c7d4b0c22945845851e2c248ac237da1,3 0.92 805 1530 1852 1933
c7d5032adf1f4001b80e7fe7e3d593d7,14 1 0 0 1 1
c7dc213cee369cf740c0587509f53562,14 1 0 0 1 1
c7eadfded6a0724176ec35a2efb1d072,11 0.92 1381 325 1706 406 11 0.9 894 325 1137 406 11 0.9 1625 325 1869 406 11 0.87 1463 243 1788 325
c7f4c7182d606d08ab042eae595defa3,14 1 0 0 1 1
c810e34a7f10490d032f80b95037199f,11 0.94 1843 418 2094 502 11 0.92 1926 335 2010 418 3 0.97 1089 1759 2178 2178
c826c6a366c7ff0a6a2b202e423b2353,3 0.99 765 1339 1595 1659
c833ff8336a9be7d5cd5510fa9e84c51,3 0.89 876 1387 1752 1825
c84c9afed6d26c87c30b76ae29ebd290,11 0.87 1339 319 1531 382
c853d0d3a60feb1f9536b5f60f1009a9,3 0.97 822 1569 1868 1943
c85bd341e70f12a1653e6d3a48225e55,3 0.87 872 1235 1817 1599
c864a64d8f6dcb81ec48449aff0e706d,11 0.89 765 446 957 510
c8679fab8bbb201d145cebda1a332c57,14 1 0 0 1 1
c8680038be7f9cdebf0ae0c522b67746,3 0.93 851 1245 1638 1572
c872af6db5f8dc838fcbbed78666bdd7,11 0.89 598 448 672 523
c87a07a686bc8e8e528209a582d5043c,11 0.89 663 589 737 663 11 0.88 589 516 884 589 11 0.88 1474 589 1695 663
c881718c7b12b311fdc898370fd74d53,3 0.97 921 1382 1920 1767
c8847b2915308c6a86e3a4872d3c4818,3 0.91 937 1278 1960 1704
c8af1a93bf0142d9f7f2e3394b2d8e08,3 0.99 958 1327 1916 1695
c8b11df73b43cb08a60ffe48d4738297,11 0.86 2029 253 2113 338 11 0.85 591 253 676 338 11 0.85 253 169 338 253
c8e81a94927978814fe54c325a4b1346,3 0.97 510 1403 1531 1722
c8fcdb8ff1a58c1c12d411271b003e3b,14 1 0 0 1 1
c930c562e95eae49e336ab89df3094ab,3 0.9 876 1434 1992 1832
c93f821385bd67adda8a84155a5560e9,11 0.87 430 258 516 344 11 0.85 1807 258 2065 344
c94dea3d697a01b6dc68b4a810830fa9,11 0.92 690 307 767 383
c9737f66509cc55924c6ffee7445c006,11 0.92 829 510 1020 574 11 0.91 829 446 1020 510 3 0.89 957 1467 1786 1786
c97e54a78bab9c05ce2e04fe6c284bcd,14 1 0 0 1 1
c985abc53edc09b38a1370aa4ee8cecd,11 0.88 1944 338 2198 422 11 0.86 169 1521 253 1606
c98c588c3c92079057ce4aac44fe5cfa,11 0.91 2059 392 2157 490 11 0.89 784 392 1078 490 3 0.98 882 1568 2059 2059
c9c96c529b368b1a26c6cadc143c5aae,11 0.86 672 588 756 672 3 0.94 1093 1681 2186 2102
c9ded524aabc60309722651b535ab79a,14 1 0 0 1 1
c9fbdd6dbbd3e5246b0184824f681e0f,14 1 0 0 1 1
ca0433a808e565762f1a70a861beda2f,14 1 0 0 1 1
ca06f0a42e10816d50258f5cd663414a,3 1.0 808 1347 1752 1684
ca40cec6911dc19ae5a22ef7b474eea9,3 0.9 679 1222 1561 1561
ca5305844c45ccfa56bf83c4bcf8fa5a,3 0.94 720 1376 1572 1703
ca647ee01080d09ddf7855aa4a09a7a0,3 0.97 929 1859 2029 2282 11 0.92 1775 422 2029 507 11 0.9 1775 338 2029 422 11 0.86 591 422 676 507 11 0.85 591 338 929 422
ca9717cffb655619ea3449fffabd024e,0 0.86 1183 709 1419 1025 3 0.97 867 1419 1893 1814 11 0.87 1577 394 1893 473
cabaca5197759010eda73ad3e3f372d2,14 1 0 0 1 1
cad4ad7a78acb352d36e1fb2db14c1d8,3 1.0 701 1212 1659 1531
cae5070a27b63070ecee61beafa2c8c4,11 0.89 1056 288 1344 384 11 0.86 960 384 1056 480 11 0.86 1056 384 1344 480
caff7d83d7749c842bce12286d311164,3 0.92 1100 1467 2293 1926
cb0ab4b50a94ae805b052e56e18c7f43,3 0.92 1107 1448 2214 1874
cb111309371ea73ddf6cb912755ce5f7,3 1.0 930 1241 2016 1628
cb1dc2b59f78abe4d2689f261d8e238c,3 0.99 845 1550 1832 1902
cb2d8fe8c739f18cc5c0155690e77319,14 1 0 0 1 1
cb322def72a6d1b8318ec954f5aba12a,14 1 0 0 1 1
cb3b210015a31adab114493e1150eaf8,3 0.97 765 1531 1531 1786
cb5a71f2ba8bcfe8d6f946fa49245c4b,11 0.87 960 480 1344 576
cb811fdb74fb4f7efafad55da5efb7e6,3 0.98 1106 1659 2304 2120
cb818f1c6930fae5045710b2f8f9647c,11 0.91 747 448 971 523 11 0.9 672 448 747 523 11 0.89 747 373 822 448 3 0.99 897 1495 1868 1868
cb8934ba47f04d30c7327ca23efce944,11 0.92 747 598 822 672 11 0.89 822 598 1046 672 11 0.86 747 523 1046 598
cb8fb8fcb4cc5eaa943063e6e318033a,0 0.89 1114 720 1310 983 3 1.0 851 1310 1703 1638
cbce6cd210357376529475ec2a30f1b2,3 0.99 737 1622 1695 1990 11 0.9 516 442 811 516 11 0.89 663 368 884 442
cbd0a639798ad947081a059a87ca3e94,3 0.96 500 708 1042 917
cbefb01084be6c3ae418628c66cca996,3 1.0 701 1339 1595 1595
cc0522c7e62e67cb9b26acede6e1d404,14 1 0 0 1 1
cc1c7fa04d3806bfc02688bc3da0caa5,11 0.95 1867 294 2162 393 11 0.95 983 294 1277 393 11 0.92 688 294 1081 393 11 0.88 786 393 1081 491 3 0.96 1081 1376 2260 1867
cc3e3730a4f80e65697109c7e05a898b,3 0.97 770 1401 1752 1752
cc45b918922f7a10cd90b6f30e2f9580,3 0.99 829 1467 1659 1722 3 0.95 574 255 1403 574 11 0.88 1212 446 1467 510
cc52d987264b9fa0ce8a0debcbf435ee,11 0.86 2198 157 2277 235
cc53f79260c8d490cbfbc3cd78fe8516,3 1.0 894 1416 1938 1789
cc5503112f1ca892fee7fb0d1002a6f9,3 0.99 638 1339 1467 1595 11 0.93 510 255 765 319
cc56549766a3a7acd001d5b0cf1342ce,11 0.88 1784 310 2016 387
cc657609a4dcf498ea39a9586d7ae9b3,3 0.96 884 1400 1695 1769
cc9f70916dd600695bd5364312472249,11 0.89 737 368 958 442 11 0.88 737 294 884 368 3 0.98 958 1253 1916 1622
ccc7e89355254a0334fdd9b4c61d8402,11 0.88 2078 271 2349 361
cd18718ef1f66e1d753f3829f8e4ae82,3 1.0 701 1212 1467 1531
cd545e608ba6a194ea4a0c45c3c49980,11 0.92 1046 224 1270 299 11 0.89 1644 299 1943 373 3 0.92 1046 1270 1868 1644
cd65d44ae610dd001da9b33c3047b6c1,14 1 0 0 1 1
cd71f2159930c939fc093fffb27cc615,3 0.95 638 1276 1403 1531 11 0.9 1212 382 1403 446 11 0.87 1276 446 1467 510
cd74ffabbafebe43115d854373e1d75e,3 0.95 663 1769 1695 2138 11 0.93 294 663 368 737
cd8951119bb88588f134bbbc4a93ac0d,3 1.0 966 1369 2013 1771
cd8b2bb9706366aeaa560d62d888d4c0,3 0.86 899 1384 1938 1730
cd8e284f5176149d71416ca70f4246fa,3 0.99 829 1467 1659 1786
cd8e76e87737bb82336d752ec29d66ea,3 1.0 574 1339 1531 1659 11 0.88 510 510 701 574
cd907f4eff4c31b66d2feb2fa7185d36,3 0.95 949 1502 1898 1898 11 0.91 1502 316 1819 395 11 0.86 1502 237 1819 316
cd9c4d04fa5cebf24886b4bdd7f0e7cd,3 0.91 822 1794 1794 2167 11 0.86 523 523 822 598 11 0.86 747 299 971 373
cdb9c0046cc8f9e32fcafc5517000525,14 1 0 0 1 1
cdcbad2105eba82efac5f8352636a4f5,14 1 0 0 1 1
cdd5481fd9376b5e7828aec48799255a,14 1 0 0 1 1
cde7402cebf0e691afe3220425b2782e,14 1 0 0 1 1
ce0b406c318471eb14c98f9acb081955,11 0.93 672 523 897 598 11 0.86 1495 523 1719 598 3 0.99 822 1644 1794 2018
ce5a5ce9eb9ca67da16e9c8677a056e4,0 0.87 957 829 1212 1084 11 0.89 1276 574 1467 638 3 0.88 638 1531 1467 1850
ce6c330473a770c0ebaf622d7205d24f,14 1 0 0 1 1
ceadbcb1ad16b3cb8e46f109013aafb1,11 0.89 2064 294 2359 393 11 0.88 983 294 1277 393 11 0.85 1179 196 1474 294 3 0.95 1277 1277 2359 1671
ceae9de35f06cd72dd7125b340970536,11 0.86 2064 294 2359 393
cee65cff7342c464d3eeeaa26bde0b7e,11 0.95 448 672 672 747 11 0.92 2093 1569 2167 1644 11 0.89 2093 1719 2167 1794 11 0.87 523 598 822 672
ceec47e464c3dab60af04cd0a5122cf0,14 1 0 0 1 1
cf0a24839c64a550eddaf76fb31765e7,11 0.89 1521 338 1859 422 11 0.88 676 507 760 591 11 0.88 676 422 1014 507 3 0.88 929 1521 2029 1944
cf392dbe49a0cdbf85aa42adefe63d07,3 0.99 851 1179 1638 1572 0 0.87 1048 655 1245 851
cf46419b1583aff3e8ca76705dd5e584,3 0.91 847 1694 1948 2118
cf4c3f5cd39bb00ca2b44a5254f1a311,3 0.95 1110 1452 2135 1879 3 0.94 256 2050 1623 2477
cf53ffbeb2ef098612d71ea84d97ebc4,3 0.95 899 1553 2044 1962 11 0.85 654 408 899 572
cf573857242379aa3223fcb9f342133f,3 0.95 1098 1738 2288 2196 11 0.9 823 274 1098 366
cfb23f265ba1ca551b0fbb8720e30e6d,14 1 0 0 1 1
cfd7df4ee77fb61a28de0a7afaae81fd,11 0.92 663 663 884 737 11 0.88 1400 663 1622 737 11 0.86 1474 589 1695 663
d01381128975c8bf4dbfd2bf79bd6de1,14 1 0 0 1 1
d01fbe2917243929e0ee234ae8cbad45,3 0.92 869 1501 2133 1896 3 0.86 1422 1264 1817 2370 11 0.87 1738 474 1975 553
d025e3d642cb20b297bb70aa06eb3447,3 1.0 887 1370 1935 1774
d03bca40fd8aa7ad5940d73d00b1e95a,14 1 0 0 1 1
d04bd504fab26daa5be948c21870b757,3 0.99 1099 1521 2198 1944
d05829a2a79ab20326e3ddcd339a8baf,3 0.99 765 1276 1595 1595 0 0.88 1020 701 1212 893
d0615f853a7deeec90f8b1bf30269fcc,11 0.9 960 288 1056 384 11 0.9 1728 288 2016 384
d06cddc18ffb530f46d3d1d3382dfbec,3 0.98 1062 1416 2302 1859
d0715b16ff3a8071968d4f7adff9c339,11 0.93 1248 288 1344 384 11 0.87 1344 288 1632 384 3 0.86 1440 1440 2496 1920
d07616157133b7d8b55fc45ad08b357f,11 0.85 1641 223 1940 298
d09ec8573f5c237e56bbeae80f877f18,3 0.97 1036 1554 2158 1985 11 0.86 604 345 863 431
d0ab6e17c2e03b8b73a2358cfc50a963,3 0.99 829 1212 1595 1531 11 0.86 765 319 957 446
d0bfd37d06799af3d1b8407ec5ae5ef4,11 0.92 822 672 1046 747 11 0.87 822 598 971 672 3 0.92 822 1719 1943 2093
d0ce010fd5c4d7c2b3f0d00b16449b1a,3 0.97 1089 1815 2178 2268 11 0.88 1633 544 1996 635 11 0.86 816 635 1089 726
d0d2addff91ad7beb1d92126ff74d621,3 0.87 1196 1495 2167 1868
d0d647dd59a4b1fb3ceb3aee3a09282a,3 0.97 701 1084 1531 1403 11 0.87 1212 255 1339 319
d12e6816fa4914c7720aea3bf6f8d701,3 0.97 939 1794 2050 2221
d135d69679fd7976d2d6ec01bb167f9d,3 1.0 765 1467 1531 1786 10 0.95 1531 2105 1595 2169
d13bf4a8562ff31f7795eb40efa41cc8,3 0.96 866 1372 1805 1733
d1513313aac44e0ee8a2372ac2a72923,3 0.94 709 1655 1813 2050
d154ed5ece3a6da5cadf6658a7076cc7,3 0.98 851 1179 1638 1507
d1852a0901c72a80c92083d82d764466,3 0.97 663 1769 1622 2138 11 0.85 442 663 589 811
d19e1c13fb8bf4a55c6726e4114957f4,3 0.93 789 1447 1644 1776
d1a36615c86adaaef3b2da10ddcd19e9,14 1 0 0 1 1
d1d3e01540ce1a7823136b20e98719d9,11 0.88 1081 294 1376 393 11 0.86 1179 196 1474 294 11 0.86 1966 294 2260 393
d1e34fe038f6601b7d2429236d874f52,3 0.99 897 1719 2018 2093 11 0.87 747 448 971 523 11 0.86 672 523 897 598
d20d53b2d8f22484d5944d92c914c72b,3 0.87 1152 1632 2208 2112 11 0.88 960 384 1248 480
d21b756f5ab5cdb2b8e54fb8f4c3e3d0,3 1.0 829 1531 1659 1786 0 0.92 1148 701 1339 893
d2219603fc6867da8ce997d645e8d835,3 0.97 1159 1546 2415 2029
d2237da4e95c5f126e951a849e27432e,3 1.0 510 1339 1276 1595 11 0.96 1276 255 1467 319
d225a781a397ab58fbd6b09296aeadad,3 0.99 884 1548 1843 1916 11 0.91 589 442 884 516 11 0.91 663 368 884 442
d242d48dd1067b27d7d13b0f7ce02640,3 0.93 638 1467 1467 1786
d264fcaa182ae4474c3b8f9b63fa1e99,3 1.0 765 1595 1595 1850 11 0.85 1339 446 1531 510
d284e83f3baf1f572284e30999dc013c,3 0.98 884 1622 1769 1990 11 0.91 811 516 1032 589 11 0.9 737 516 811 589
d2993271d0a49d1d821db1174861629a,11 0.95 523 598 822 672 11 0.92 672 672 747 747 11 0.89 1495 523 1719 598 3 0.88 224 2018 1420 2392
d2baf8c1bd359c4e7084134ab6fa92a9,14 1 0 0 1 1
d2d074d49c5ee6b469006f259f98773f,3 0.88 765 1467 1595 1786
d2d863a4266ae007200c89adc5cc4e39,11 0.93 1276 510 1467 574 11 0.91 1212 446 1467 510
d2dbf0f7d587a2e9cf11afe263b0289f,3 1.0 701 1531 1595 1850
d2e77def0302c94f744079974be9bc53,3 0.99 1248 1728 2400 2112
d2e7c65281972947f30c8d461eca2e99,3 0.97 985 1288 1970 1742
d2f3d507053aedba58e585522d42fe7c,3 0.99 737 1548 1622 1843 11 0.97 368 442 589 516
d2f46e1af0a1d93e1f8ec92633f1df86,11 0.92 832 277 1110 370 11 0.86 647 370 740 462 11 0.86 740 370 832 462 3 0.9 1017 1573 2221 2035
d313fbe8aadc6ef9909be6f80f655f8e,0 0.86 1460 858 1803 1202 3 0.94 1116 1631 2233 2061 11 0.94 1030 343 1288 429 11 0.89 1030 257 1288 343 11 0.88 1545 343 1975 429
d32a4152c2e7b4d6e658ec58fbeea760,11 0.91 1966 294 2260 393 11 0.86 2162 294 2457 393 11 0.85 1081 294 1376 393
d32de0af32631052017592ebaaa11ce6,11 0.87 638 191 829 255 3 0.96 765 1276 1722 1595 10 0.86 127 1595 1084 1914
d3402dc78261931dde321771b5319d91,11 0.88 983 393 1277 491
d343221fe29d689f6d6e5b1501774ee4,3 0.97 934 1529 1954 1954
d34d18bce5f34f7619d08d5caf1ceccc,3 1.0 701 1148 1531 1403 11 0.89 1339 319 1531 382
d34da221bea7cfffada59e3b7e47b05d,11 0.91 1668 333 1918 417
d3697ddfca205604feb39867a9858ffc,3 0.97 829 1403 1595 1659 0 0.88 1084 701 1276 957
d387a31018cd8b772bbd64d35d2f5a24,14 1 0 0 1 1
d3aa566318310e1132a19b28151a4007,11 0.9 1084 255 1339 319 11 0.86 1212 319 1403 382 10 0.88 1531 2105 1595 2169
d3b0cb27deaf4744187429110a1ada88,3 0.98 1153 1345 2402 1825
d3f880d5db30b4178dd5ab083156c67a,3 0.92 1152 1248 2208 1728
d41d8830d84bbbbce9584a341d0bf2e5,11 0.92 574 191 765 255 11 0.89 1212 191 1403 255
d43df1abdb9859d5ba04dee128f1c803,14 1 0 0 1 1
d442b46f858afa0bbc87e0fd6a88bbb4,3 0.96 1090 1454 2272 1908 11 0.88 1817 545 2090 636
d44a11b83926a73c7082de7f3874b04c,3 1.0 829 1212 1659 1467 11 0.87 701 191 893 255
d44bdbad1399ee98febd7336ef8f1de4,11 0.89 1820 273 2093 364 11 0.85 819 273 1092 364 3 0.91 1092 1638 2184 2184
d48c93c98a043291f28ae47c9be3b2e4,3 0.99 811 1400 1695 1769
d49b0726f2ed9bc21fc5e7beeca51013,14 1 0 0 1 1
d49baee1abbde153ef985a0091d603f8,11 0.95 638 191 829 255 11 0.93 701 255 765 319 11 0.92 1276 191 1467 255 11 0.89 638 255 701 319 11 0.88 1276 255 1467 319
d49e92ae76d99be46e09d76b90a2a35d,11 0.86 652 407 978 489
d4bc86d676c3f95f45b75a0885c022d2,10 0.87 196 1671 2064 2850
d4d816a8ea92b3b6fedb47cb10540888,11 0.86 875 262 1225 350
d4e2f8980bf6bdf4b5e16068fde2d86e,3 0.99 638 1339 1467 1659 11 0.91 1276 255 1467 319 11 0.88 1212 191 1403 255
d4ef228d7d297b572a2049a75d3c9d26,14 1 0 0 1 1
d505378e162ec9099017c7ff6d35b812,14 1 0 0 1 1
d512f7d29b98de13e6607c82ca5e2614,11 0.87 591 338 845 422 11 0.87 676 253 760 338 11 0.86 845 169 1099 253
d523d9a02febab7fd910c61e0ad00480,11 0.95 448 448 672 523 11 0.94 1495 373 1719 448 11 0.93 747 448 822 523 11 0.91 747 373 971 448 11 0.9 1569 448 1644 523
d5929a39b7527fc0e78f80b8a15f3a0f,3 0.99 589 1695 1548 2064 11 0.87 516 442 737 516
d5bce42a9f926d6fd3b968164bab99b2,11 0.94 983 393 1277 491 11 0.9 1769 393 2162 491 11 0.86 983 294 1277 393 11 0.85 1867 294 2162 393 3 0.97 1179 1081 2260 1474
d5d13d7d803507aed653e01a183e0089,3 0.99 765 1467 1531 1722
d5d43ffa4e64e63ccd92c40397d6b48b,3 0.85 1179 1277 2260 1769
d5eb588f1db4fb6f311885be0a4aa6d3,3 1.0 829 1148 1722 1403
d62af23bce04158a811760245247521f,14 1 0 0 1 1
d63906e598ca29e9041fd8db589c61b1,3 0.93 897 1196 1868 1644
d65bd4d5a6fae0e0f6833e1a7dd48399,11 0.93 672 523 747 598 11 0.9 1495 523 1719 598 11 0.86 747 523 971 598 3 0.96 822 1644 1794 2018
d6678cb7ae39f575d35ab9da6d7cb171,3 0.99 638 1276 1467 1531 11 0.91 1276 191 1467 255 11 0.9 1212 255 1403 319 11 0.89 1339 255 1531 319
d668f847d1fbfef0784961b91ad913bd,3 1.0 701 1212 1403 1467
d6a95ce76b332e2dc92d20c886f3e7b6,14 1 0 0 1 1
d6ac4b653b357bcebaff24830d8423cb,3 0.98 971 1345 1868 1644 11 0.93 523 299 822 373 11 0.93 598 373 672 448 11 0.92 1420 224 1644 299 11 0.91 523 373 598 448 11 0.87 598 224 897 299
d6c13c6bf7b72af84808603f82289b95,3 1.0 1046 1345 2018 1719 11 0.9 747 299 971 373 11 0.86 822 224 1046 299
d709c132746f0409128eaa1c87a9a274,3 1.0 701 1212 1595 1531
d70f75311a5e09f9c97c5aedf915f313,3 0.89 846 1763 1763 2187
d73ac8ac7583749110d2e218e9456c49,3 0.87 1266 1266 2337 1850 11 0.88 1071 194 1363 292
d7494cea30e4fa1e4b4ebd0ecc6e03e5,3 0.94 720 1376 1638 1769 0 0.85 1048 786 1245 983
d75a718e64f556d92fada391278ac5f3,14 1 0 0 1 1
d76a0128b3bd173cec3958c31feddac7,14 1 0 0 1 1
d7a747c3bd660fdb17d07d68c293ada9,11 0.86 1760 293 2053 391
d7c8f7be70272a97de03db9f7a3cd6ca,11 0.87 957 294 1178 368
d7e050bc044ea3aeafdbaa3994dc066d,3 0.97 1070 1784 2141 2230 11 0.87 802 535 1070 624
d7fc2b6c5cf6a46da19d00c61886c37d,11 0.87 1276 382 1467 446
d800be728a73341ba74459a533474fdc,3 0.97 822 1569 1719 2018
d8193f867f5fbf171e47c2bf35a88ce3,3 0.91 1056 1625 2031 2031
d8583ad95a7d51980a2279b7d8c840e4,3 0.96 928 1393 2012 1780
d8593a556bb7da12e839e6e374e35fa2,11 0.87 1609 536 1839 613
d870570354a036a5532ade79579261b9,3 1.0 858 1717 2108 2108
d87c148da020cba87422b84f96e40c97,3 0.98 884 1327 1769 1695
d8a40adfa4733b1f588859d6b59efaba,3 0.88 851 1179 1703 1506
d922cc7124ae504b4e53b8d016c25cca,14 1 0 0 1 1
d93e4837090b8e5f541d65249ec85dff,11 0.91 638 446 829 510
d95c839261d7802cf256a5b134796144,14 1 0 0 1 1
d95fd17a9f0a86d64161e03a8473ff49,3 1.0 765 957 1595 1212 0 0.85 957 446 1148 701
d960415b14e778e388972a25ce3cd70d,14 1 0 0 1 1
d970e435e12ad66711d0d93f4b3ab21d,3 1.0 765 1786 1595 2105 11 0.88 638 701 829 765
d99cb848aa26cad3f4178bda906edad3,3 0.91 262 1769 1179 2162 3 0.9 851 1310 1703 1703
d9b150bb7eb1476c685a8c147016c0ac,3 0.94 971 1495 1868 1868 11 0.92 747 299 971 373 11 0.91 747 373 822 448 11 0.85 672 373 747 448
d9d633380b509d039d3c60a76ca308ed,3 1.0 701 1339 1595 1659 11 0.92 574 255 765 319 11 0.9 1212 255 1403 319 11 0.87 1212 191 1403 255
d9faf4c7eef34ef10e7ad98d1780cd9e,0 0.88 1157 544 1430 817 3 0.97 885 1293 1838 1634
da01eec65d8c0cd330612b514627c6cb,0 0.94 1386 866 1733 1213
da090966e9bb8387c3992b2ef31d4423,11 0.93 1966 294 2260 393 11 0.89 2064 393 2359 491 11 0.87 1867 196 2162 294 3 0.88 1277 1277 2654 1769
da35978a37f990de5a0d68b1e9399e9e,3 0.97 1248 1728 2400 2208
da4481593caa5fc2a1a7a7de90058720,0 0.89 1162 581 1356 775
da48002e9656b3ae99cf7cad5fef4d33,3 0.99 867 1446 1807 1807 11 0.89 1374 289 1663 361
da7cdc23c69b13c2677e7bf8de1a06e7,3 0.97 1049 1311 2185 1748
da89d223c87e21b2a7d4a1930541177c,3 0.94 769 1258 1817 1608
da9d4494e91eedba860f6ad44139a591,3 0.97 811 1401 1770 1770
daac34be8b6ca54b0ab1be81733c0d34,11 0.92 589 368 811 442 11 0.9 1400 442 1622 516 11 0.89 442 368 663 442
dad0ade8390ad4e53a98a69bf94ea288,3 0.99 906 1284 1964 1662
dae4ebcbbfa68430713520a26a19343c,11 0.93 1487 247 1818 330 11 0.93 495 330 826 413 11 0.91 1735 330 1818 413 11 0.86 165 1405 247 1487 11 0.86 165 1487 247 1570
db01060306d1f3eb3ea7c1beb8be6edf,11 0.89 1276 191 1467 255 3 0.94 701 1084 1403 1339
db050c843cfa1c40c2336f5628cebbbf,14 1 0 0 1 1
db33c9ee0173a3be32fcd0bc781b161f,10 0.85 1659 574 1722 701 11 0.89 1276 574 1467 638 3 0.89 765 1595 1467 1914
db5b376b80f23ff48277d11b6450eaad,11 0.94 1544 243 1869 325 11 0.93 894 243 1137 325
db7d9dd61d0814dce97bd87abc05bba1,3 0.99 638 1403 1467 1722 11 0.9 510 382 701 446
db82227084e1bb62ae1b82c16b71f819,11 0.88 638 191 829 255
dba57a290feab2befedbd92212a87e5d,11 0.85 1568 298 1792 373
dba84e829f62c1272584f758b2204aa3,3 0.97 1208 1610 2255 2013
dbc51fb3223bace177f22521c166a830,3 0.97 765 1084 1531 1403 11 0.91 1212 255 1403 319 11 0.86 638 255 829 319
dbd35a22fd9a185ba6b5be43103f4e2a,11 0.92 814 244 1058 325 11 0.91 325 244 407 325
dbd9e1d7586876d95f1f1923db1c830f,14 1 0 0 1 1
dc1743f5e5aaa29ea7a74ea2aa2c9862,3 0.99 701 1084 1403 1339 11 0.9 638 319 829 382 11 0.86 638 382 829 446
dc2cf5d5d0c04cabed09513c44ede6d4,11 0.93 1806 410 2052 492 11 0.92 574 492 821 574 11 0.87 574 410 739 492
dc328df041d1a9727d5925828c6637d9,14 1 0 0 1 1
dc3b840446057490dffe8eb7633cde30,11 0.93 672 523 897 598 11 0.87 672 598 897 672
dc4874ef7e2d7ad6f69d4c779df4aa9b,3 0.96 724 1513 1711 1843
dc62f6cad2b946f4ae0b68626b419bf0,3 0.96 1056 1536 2112 1920
dc697df7ec030fa4520e37d6ccb4b801,3 0.97 867 1335 1735 1668
dc7b7968067de76704074fd9e173ebdf,14 1 0 0 1 1
dc8b5d82b73d392b9fa2093a15b6d00d,3 0.97 701 893 1403 1148
dc9e144a10314830c3449ee8f1106448,3 0.99 966 1530 1852 2013
dca31a2cd40cde0683837dcdf10eca09,3 0.98 829 1403 1722 1722
dccc12d62dc2179f542fa001200ed364,14 1 0 0 1 1
dce261d70de131c9bad1229edcca61bf,3 0.95 1069 1514 2227 1959
dced277332a27527f4796aafd7a45152,3 1.0 701 1403 1659 1722
dd00a2fa6dd6643ec07ed5a4379a738c,11 0.95 599 256 856 342 11 0.89 513 256 599 342 11 0.89 513 342 599 428 11 0.88 1884 256 2141 342 3 0.97 942 1456 2055 1884
dd0dffca34bf56e24fa0fe2fc04ead94,3 1.0 765 893 1595 1148
dd14fbccb38c064bdacc33391d8cca9e,14 1 0 0 1 1
dd37fc55e9270de5a365efcd06593348,11 0.95 2080 361 2171 452 11 0.93 1990 271 2080 361 11 0.93 2080 271 2171 361 11 0.9 2171 271 2261 361 11 0.85 2261 90 2352 271 3 0.87 1085 1718 2171 2171
dd6a091c1317b198af6bb54438d3b87f,3 0.98 770 1190 1681 1541
dd7e2b3e4d751779e5a5f61e827f6f7b,11 0.95 2036 265 2125 354 11 0.87 2125 265 2390 354 11 0.86 177 1770 265 1859
dd8e8db5d12ef22a32ee27794dfa0d17,3 0.99 945 1339 2048 1733 11 0.86 1575 236 1890 315 11 0.86 709 236 945 315
dddab655208efc25d98e16790db35f25,3 0.97 834 1043 1739 1460
ddf377d1b071c2cec89dec0672f4156a,3 0.99 893 1467 1722 1722
de07cbf13e57a0f0f7c63f7ea5baf9a5,11 0.87 2065 295 2139 368
de09c63ee469c67331ed80c4ec0d325c,3 0.98 975 1463 1950 1869 11 0.9 812 243 1137 325 11 0.87 731 325 1056 406
de394dfae5c93d86d9531cdd119531ec,14 1 0 0 1 1
de5295208703970acc0e59b7925a77c1,3 0.99 510 1531 1403 1850 11 0.91 1212 574 1403 638
de7aa2b6adfb9db39489c019f5f3a1a1,3 1.0 737 1400 1843 1769 11 0.96 516 294 737 368 11 0.87 663 294 884 368 11 0.87 1179 294 1327 368
dea1a3c3102b2b3efccffd9452c1da7f,3 0.93 812 1624 1691 1962
dea1e4464a27f651c00fb31ca713e01d,3 0.9 893 1276 1659 1595
deb72391b998de457c5132511a3af7e1,14 1 0 0 1 1
dec3993b6e66ce949c974f022da4db2c,3 0.94 1014 1690 2113 2113 11 0.88 1690 253 2029 338
ded48559b86e307d86f522abb9bab7d1,3 0.99 638 1403 1403 1659
dee60decdde445d8e7b9e9c0f7d1382e,11 0.92 172 1987 259 2074 11 0.89 691 432 950 518 11 0.87 1815 432 1901 518
defc27d70096bdf800da5ce0cce3903c,14 1 0 0 1 1
df1e41c0fec32b45e1c5efa0044cd73f,3 1.0 701 1467 1595 1786 10 0.87 1084 1850 1914 2233
df229b77da3656e5264f74025b4990f2,3 0.98 961 1602 1923 2003
df231556391a360eabcd45df13986daa,14 1 0 0 1 1
df249823cb86309870560a47a6dff686,11 0.87 1403 191 1467 255
df3879d47989e97da7ff2aa037b62a93,14 1 0 0 1 1
df5c9296ecae6da1288c490c37c8e3fc,11 0.92 676 338 929 422 11 0.92 2367 2113 2451 2198 11 0.88 1606 253 1944 338
df6b1459ece82fe12a8af9d1e17d93a9,3 0.99 1033 1589 1987 1987
df8adf0cc2608573128fb4a6cb650079,3 0.93 860 1330 1878 1721
df935ddeb1879b7cdf428682abb987b9,14 1 0 0 1 1
dfd36190ad458c42961cf295a729aba5,3 0.97 988 1564 2058 1976
dfe04a28b9450358d0bf83736ee3fe2d,3 0.95 701 1595 1531 1914 11 0.86 1403 574 1595 638
e004c56fbc5ff7e0906e46dfa150c55c,3 0.99 746 1742 1908 2157 11 0.96 1659 2572 2074 2655 11 0.89 1742 414 1825 497 11 0.86 1825 331 1908 414
e01eba7895aab7d857a27a82e2fbb32a,14 1 0 0 1 1
e0287e0fab8e6a90dc15dd8eb964931c,14 1 0 0 1 1
e02dd879ec36a05e4030f64b605b54ac,3 0.87 822 1644 1868 2018 11 0.95 822 299 1046 373
e0451ee4428ed80d7e574361b44e0f57,14 1 0 0 1 1
e04c8401989e7f06ca75dd8ff89c8835,11 0.91 589 589 884 663 3 0.99 811 1622 1769 1916
e057fd5494429d0954783ccad4259a33,3 1.0 884 1400 1843 1769 11 0.86 663 368 958 442 11 0.85 737 294 958 368
e05c2d1640c302ad80c558d74285f1a6,3 1.0 1074 1322 2149 1735
e06a136bef44d96402a353c3073f65e5,3 0.9 971 1270 1943 1644
e06c1f19bb70950312603cbc0d986e32,3 0.96 972 1590 2209 2032
e06e6af1b1ae040355e80dc109d8406d,3 0.97 1152 1440 2208 1824
e0791ea6fad65312a47124a1ed644c63,11 0.9 695 347 955 434 11 0.89 1824 260 2085 347 3 0.91 1129 1563 2171 1998
e0a9acf9c3eb6a6e4fffcec2aa766456,3 0.99 701 1212 1531 1467
e0c1b7e120635b0932bbb0224363ffd4,3 0.92 765 1148 1595 1467
e0c6e37639776cb11ed37eb94922df25,3 0.86 975 1625 1950 2031
e0cb6328956c1b3b7f70c970cb9dcca7,14 1 0 0 1 1
e0dc2e79105ad93532484e956ef8a71a,3 0.97 756 1305 1787 1649
e0dd17b0230ee5b43df7413bc89a70e5,3 0.88 638 957 1403 1276
e0f515ce8c2f2788d36dbbcee022a14d,14 1 0 0 1 1
e0fb41ce6c448b6d8b46e8d96cc83cea,11 0.92 456 304 760 380 11 0.89 532 228 836 304 3 0.97 912 1672 1900 2052
e10a0d5156ca34ee9ffcb99a5bd8ffb5,14 1 0 0 1 1
e111eca0927c8bf0f0201915d6f37c6d,14 1 0 0 1 1
e113e801c91c55f6775364e45e1e2498,11 0.91 638 382 829 446
e12d455aebc3767b5a4c38c6f51ca7b8,3 0.92 851 1245 1638 1572
e13092b1a2848a29558f6c661652332d,11 0.86 1495 299 1719 373
e14840dd62dcaa3f2f429ed69a89059c,11 0.88 864 672 1344 768
e154120eb7eb235ddb471c94deff2ee6,11 0.93 1179 294 1474 393 11 0.93 1867 294 2162 393 11 0.92 1966 393 2260 491 11 0.9 1081 393 1376 491 3 0.98 1376 1572 2457 1966
e16022b7bf206494be8c9001d580b06d,3 1.0 638 1276 1531 1531
e1681b6ced3912b798477d143c7e8f3f,3 0.99 701 1212 1531 1467 11 0.92 1276 191 1467 255 11 0.89 510 191 701 255
e1874303d853b169058963bfd153f588,3 0.9 1179 1671 2359 2260
e18b20ca61e42b9c8ca5940a3721a5af,3 1.0 720 1245 1572 1572
e1c07a9d9c245c9b742c3cc5e15180bc,11 0.94 446 255 701 319 11 0.89 446 191 701 255
e1c35c4312a8aa97233d3b88fb07b033,11 0.9 1276 574 1467 638 3 0.86 701 1403 1595 1722
e1c4b3157b53b446cef6b15b6b9ceadb,3 0.97 1047 1288 2013 1691
e1d0449f1cb674cecbd6c6dd3da50b1b,3 0.98 747 1569 1719 1943
e1d40460f86f7b92f033b08d04b4ea6a,11 0.88 1276 191 1467 255
e1de1ed3e172099e6bfe687ec96c502f,11 0.94 442 516 663 589 11 0.85 368 442 516 589 3 0.97 737 1548 1695 1916
e20886e0ccd8fafec82fee3ca05c366d,14 1 0 0 1 1
e230375555e299e93f54e2cf397f0ff8,14 1 0 0 1 1
e233c5c385e063281c919be01d9fd81e,3 0.99 829 1212 1531 1467 11 0.89 765 510 957 574 11 0.87 1339 510 1531 574
e23669476b05df4e8a419d80c7a95b7f,3 0.86 785 1728 1885 2121 11 0.85 2121 2199 2356 2278
e244fb86e085ac10727602e7ab36971b,3 0.99 1183 1352 2198 1859
e2517364bc2e0f55109395bb870a1e5c,3 0.99 701 1084 1531 1403 11 0.89 510 446 701 510
e2541543a44d7df5c1ededc8e77bd045,3 0.98 1065 1639 2049 2049
e259b6e287f75fd57c9647b256c683be,11 0.93 1056 384 1344 480 11 0.91 1920 2496 2208 2592 11 0.88 1056 288 1344 384 11 0.86 1824 384 2112 480
e268bfef734c0cf02c2dc7f30db79cb6,11 0.86 676 225 902 375
e27172128ec1e2610400fd1312f53896,11 0.94 1769 294 2064 393 11 0.9 2457 2555 2555 2654 11 0.88 1179 294 1474 393 3 0.9 1179 1474 2359 1966
e27295afee6a7fda9e520f2e3f4ed2ef,3 0.93 966 1189 1933 1561 11 0.85 1636 297 1933 371
e27db01e9a05734d422f6c1622463ba2,3 0.98 701 1339 1531 1595 10 0.87 191 1722 1276 2105
e281bd78852ec4ea47e6be632419e832,11 0.95 747 299 971 373 11 0.94 672 373 747 448 11 0.91 747 373 822 448 11 0.87 822 224 1046 299 11 0.85 672 373 897 523 3 0.99 971 1121 1794 1420
e2ea19c79e10451ae029481bd1f5f3c7,11 0.85 659 247 741 329
e2ed2255485f5ced03268f821041cd5b,3 0.88 829 1084 1595 1403
e31c6dc2eccf48d5b8680648e731085c,3 1.0 885 1691 1933 2094
e33d9cf93e5e673950f7448dc79de500,14 1 0 0 1 1
e34cc55dd6e07a284333428a1998864d,3 0.95 822 1345 1719 1719
e34d4c8fea9d9626853069ebe3f30992,11 0.9 644 563 885 644
e3577b39095e21bb64dc0d339fd22d68,3 0.96 1005 1256 2094 1675
e35db9bce37902d5ad89909e69dd8c90,3 0.92 954 1352 1988 1750
e367d71562cfb24ea77e770ea199b767,11 0.91 627 392 862 470 11 0.85 1725 392 1960 470 3 0.96 941 1411 1960 1882
e36e3dd2e1b1269c3035fa6018346b68,3 0.98 910 1289 1971 1668
e376386e1182881197fdc9a18a2bbbaa,3 0.99 897 1420 2018 1794
e377d1460cb4dcc93e4c493a986429bc,14 1 0 0 1 1
e37e6945fda3fe8118a033cc43b247fb,14 1 0 0 1 1
e3b71794633b8844194487201eaf52a9,11 0.89 1788 243 2031 325 11 0.86 1137 162 1381 243
e3e51ec366ccdf0b02d1b28f094d9ea9,11 0.91 747 598 971 672 10 0.88 299 2167 1420 2616 3 1.0 1046 1719 2018 2093
e413f0b40162af48d87bece11e6812b4,3 0.97 807 1542 1762 1909 11 0.86 1615 440 1835 514
e45ce3fb58c703c15ba13efd80e95128,14 1 0 0 1 1
e461167ed9c3714acffa9a436c5afe1d,3 0.99 701 1403 1659 1722
e46387455235ca9767ea8648b6ed08c1,3 0.89 1152 1440 2208 1824
e47174b6f466ff95ff39fe25a8c6638d,11 0.9 1852 336 2105 505
e481a9470c00fea2fe261dd204075e45,14 1 0 0 1 1
e48737e0cc1a1fe43b0a02484894eaf0,14 1 0 0 1 1
e4c50af34882d9a1c5631007c1d2e05d,10 0.86 196 2064 1474 2752
e4de98153b1e0be0bed9a965872a544d,3 0.97 971 1420 1943 1794
e4e30534950264060de2922ea4b77675,11 0.9 638 319 829 382
e4e32ce0e061d700c0afda13faa45b1d,11 0.94 1081 393 1376 491
e4e376d9aae02fa803ea2d9128aa3131,14 1 0 0 1 1
e4ea233475449eea083a09ce5f4196c1,3 0.97 786 1376 1638 1703
e4f0bab50765cafa3feb728cfbb210b3,3 0.86 251 2600 1677 3103
e518480161cfa66fe275e28a2cdb7059,3 0.99 892 1636 1933 2007
e51fb1d29627f9ed31e65a53048b7cd6,14 1 0 0 1 1
e52b5e6afc1c45823626dfc0b0c07a8c,14 1 0 0 1 1
e53cc6bed636edf2d7c63b005282c4a5,3 0.9 728 1213 1516 1516
e541711f560cd700d7fdddd1d3dd98d4,3 0.99 574 1339 1339 1595
e5457eeb0956976f320b1d648201bcda,3 1.0 829 1339 1659 1659
e54b5a593bc03c789ecdc18d8270964e,3 0.99 747 1794 1794 2167
e568aadc2126ba7274c86fa661cb7d69,3 0.91 778 1317 1497 1677
e58fe7f6d0a7b6885789d418252279ff,3 0.94 901 1557 1967 1967 11 0.86 737 327 1065 409
e59e78c6c661eb4c3daab5df0075e6c6,14 1 0 0 1 1
e5e029e73bea7ccacc35541a73f566a5,14 1 0 0 1 1
e5e1e13efacea047b90d5fa6c78aa6e4,11 0.91 1860 323 1941 404 11 0.91 1941 2588 2022 2669 11 0.87 647 323 889 404 11 0.85 647 242 970 323 3 0.96 970 1698 2022 2103
e5f707e4fcf1763d282bf7d911c6d345,11 0.89 1212 255 1403 319 11 0.86 574 319 638 382 11 0.86 510 382 574 446 3 0.9 765 1084 1531 1403
e626e81df9243e43371c8881fbc6d8b7,11 0.95 724 271 995 362 11 0.93 1991 362 2263 452 11 0.88 452 271 905 452 11 0.86 633 362 724 452
e689b64970c980641a09db5c590fddea,11 0.91 747 448 971 523 11 0.89 598 523 672 598 11 0.86 672 523 897 598
e68ad7641e5a7ff396a020c7978d433a,3 0.91 720 1179 1507 1507
e6959c57425deed1ffb111f627420f03,11 0.9 1869 2682 2357 2763 11 0.88 1300 325 1625 406
e6c0951354a0be53f6071e4a85ae5b06,3 1.0 829 1339 1659 1659 11 0.92 701 382 893 446
e6f7ba58d99ec609df2460c60b8409ab,0 0.86 1154 649 1370 865 3 0.95 865 1370 1803 1731
e713fe6ed28f23aed83f54c56ff30189,3 0.91 829 1212 1595 1531
e71ff456b51d655f9b70ecbc6fe2572f,11 0.92 448 299 672 373
e747a48664e3c9d14db83f7f271554de,14 1 0 0 1 1
e77218455b3b041a85732d4718eab319,14 1 0 0 1 1
e774a1924dfe346c66ca4f605efbd49c,3 0.98 701 1148 1403 1403 11 0.86 1212 319 1403 382
e774e7f6a28e1767f2e5db7ceb01428d,3 0.98 1047 1610 2255 2013 0 0.89 1369 724 1691 1047
e77a8e0acc0663c80e108291e664d378,3 0.99 790 1365 1796 1724 11 0.86 503 431 718 503
e78d3dafa3d35c1ef2beaed26f884b84,11 0.94 1895 258 1982 344 11 0.87 1895 258 2154 430 3 0.97 947 1723 2068 2154
e78d8db6e521e07c0d1d4da2b40a192d,3 0.89 574 1467 1403 1786
e796ffb0dc7afc67c75d4896a703ff8e,3 1.0 765 1403 1595 1659 10 0.86 1659 574 1722 701 11 0.9 127 1467 191 1531 11 0.87 127 1531 191 1595
e7bcf671b3a76fc9b0ba29727f3a7a5c,3 0.93 907 1436 1889 1814
e7cf0491d7807df986ed34756aec6d4c,11 0.93 650 243 894 325 11 0.93 1788 243 2031 325 11 0.89 568 243 650 325 11 0.89 1788 325 2031 406 11 0.88 487 325 812 406 3 0.9 975 1056 2031 1463
e7ec9f012b2c254deafe673333099553,11 0.95 2050 279 2143 372 11 0.93 838 279 1118 372 11 0.89 931 372 1211 465 11 0.88 745 372 1025 465 11 0.87 1956 2329 2329 2422 11 0.86 2143 279 2422 372
e7ee4a97afd5a9ead92603ab934d0532,11 0.95 516 323 710 387 11 0.94 581 387 710 452
e802d767e46566f02727d69836cc76cb,11 0.94 638 255 829 319 11 0.87 1339 255 1531 319 11 0.86 574 191 765 255 3 0.96 701 1276 1531 1595
e82d33dfd04d95c61d8d133dcbf29691,3 0.99 951 1506 2061 1903 0 0.91 1268 713 1506 1030
e82e5f7cf9eaffcf52a36ee49e4b576a,11 0.88 598 598 672 672 3 0.97 897 1719 1868 2093
e84944fa26ca15c5f0babbac442855a0,3 0.98 655 1310 1507 1638
e860d5b79befb7a3ec741dddb2106e65,3 0.93 765 1212 1595 1531 11 0.94 701 191 893 255 11 0.89 638 191 701 255 11 0.89 638 255 829 319
e88b3436d7a70ca66e4a67a79c26d79c,11 0.95 676 338 929 422 11 0.93 676 422 929 507
e8935719dd9a6c86a3780e18e8732b1c,11 0.89 1842 400 2082 480 11 0.85 160 2002 240 2082
e89fce081f1a14cb31bc0fe71cca8b67,14 1 0 0 1 1
e8bffa66025df05ffe10232af1046542,3 0.96 720 1376 1572 1703 11 0.85 1376 393 1572 524
e8d5baa46d2b895525017b7583b27fdd,3 0.97 382 1084 1276 1403 3 0.87 1084 1212 1403 2169
e90d09c66ee64d63171d0078f9d563c5,0 0.9 1210 832 1437 1059
e911e444e80e7a7a0a44b666513e282e,14 1 0 0 1 1
e91fa68e2ba762b434a9fc7571ccdd3d,3 0.99 1041 1442 2163 1842
e9205f3a0c23ba8b256cb5e52d14985b,11 0.93 822 373 897 448 11 0.92 747 373 822 448 11 0.89 822 299 1046 373
e92c895a219e99f09b204b8941087155,3 0.94 862 1552 2070 1984
e94fde220360e4b769921e16059cc6af,11 0.88 1276 255 1467 319 11 0.85 1403 319 1595 382 3 0.96 829 1339 1659 1659 10 0.86 1020 1850 1914 2233
e95afeb0d8d25125ed07fbac5fdddb01,11 0.9 598 373 747 448
e96043b446547ab8dad16e2fc0d7fb1f,14 1 0 0 1 1
e9810f2cff9e4bc1632dd815e2fe1b82,14 1 0 0 1 1
e99aa3681f5b6e7f0f7d1a63f0519542,14 1 0 0 1 1
e9a39ad929072dc4faafe351d8264807,11 0.86 524 393 786 458
e9bedd50f5a15df07160bc504dc0d005,3 0.98 663 1474 1695 1843
e9c690c6b50e976406e953e6cfdb7a0b,0 0.85 1114 720 1310 917 3 0.95 786 1441 1572 1835
e9d6be0a35a7a6ee40349318f0e3e699,3 0.97 941 1521 1738 1883
ea087ad3a387b4c4baecd43b21edfa38,11 0.9 1495 598 1719 672
ea10cb0d473159762db63e0493a079b3,14 1 0 0 1 1
ea1d58be10d8b14394ad4147c5fbb60e,11 0.95 1400 442 1622 516 11 0.88 294 884 368 958 11 0.88 1400 516 1622 589 3 0.93 663 1769 1695 2138
ea4cfe15483f345e950261a2bc38f286,11 0.86 152 1068 228 1144
ea4e23ec626b6c5258ad39994a8880b8,3 0.9 884 1548 1843 1990
ea61778151fddab8cb09907266663307,11 0.86 756 283 1040 378
ea88c9b569554c90b964773ed0f56448,3 0.92 966 1047 1933 1530
ea93703162b05a5c8acf2e18c2f69acf,11 0.92 760 253 845 338 11 0.91 1775 253 2029 338 11 0.9 1521 253 1859 338 11 0.9 1859 338 1944 422 11 0.88 1775 338 1859 422 11 0.85 1944 338 2029 422
ea9601272370ee3c0b1e0b4b4bc5a2ae,11 0.94 583 583 833 666 11 0.93 583 499 833 583 3 0.98 999 1583 2166 1999
ea963ef24a74ec47734be65299d3094f,14 1 0 0 1 1
ea9f070ee0208d9fdbee8e73f55273fb,0 0.9 893 701 1148 957 3 0.99 574 1531 1467 1850 11 0.89 1212 255 1467 319 11 0.86 1339 319 1531 382
eaa0e16f139fc0f1a3771458025611a1,11 0.89 1081 294 1376 393 3 0.86 1376 1277 2359 1671
eaaafa5beb11a12d5c7baea4dcc8e4cd,11 0.86 1966 589 2162 688
eac03ab96bf30dcb4f35094b6ffd2cf9,3 0.98 867 1419 2050 1814 0 0.94 1419 631 1656 946 11 0.93 709 315 1025 394 11 0.9 1656 315 1893 394 11 0.86 946 315 1183 394
ead7de33da7f44a7af362daaf2ae4d00,3 1.0 765 1403 1595 1659
eaecec30b1751a3cb6d2532a288dfe7e,3 0.99 829 1403 1659 1722
eb2597bd5418c1159fea819aa03c29fa,3 0.99 841 1295 1748 1619 11 0.89 1360 259 1619 323
eb25ef085ffa02d960ad25d2e33d1d3e,14 1 0 0 1 1
eb355cf2855e493443600ab7e8a8d98e,3 0.93 1056 1463 2031 1869 11 0.88 1463 325 1788 406
eb4c1f7a8fcd7ee076ae9f5eca8d05fc,3 1.0 765 1531 1659 1786
eb52a2ddb6554ba3684c9b5082e52123,11 0.88 461 369 646 461 11 0.86 553 461 646 553
eb70242f7644caa93343aebf7eef793a,3 0.98 948 1502 1976 1897
eb804a78e42ccd5e66d8fdc644dd0680,3 0.97 958 1548 1916 1916 11 0.91 737 516 958 589 11 0.9 1548 442 1769 516 11 0.86 811 442 1032 516
ebb4c7e1dee5c840751626bcfff3c2fd,10 0.86 2457 2555 2555 2654
ebd7fb65941300ee3e8aa11aba258cb2,11 0.93 1463 325 1544 406 11 0.88 1544 2682 2113 2763 11 0.87 1381 243 1706 406
ebe24ca91a2a7f7f445a294afbae746c,3 0.99 638 1212 1467 1467
ebedd93f45508cb21815ef2b996e5026,3 0.97 901 1276 1802 1652
ebfcc8cf8fd9e8daea61fcce22fab782,11 0.97 489 279 698 349 11 0.91 628 279 838 349 11 0.89 1188 209 1467 279 3 0.94 698 978 1677 1327
ec08aa8c34d48c492e9a8f9885f24acb,0 0.88 1121 721 1442 1041 3 0.95 801 1522 1923 1923 11 0.9 721 320 961 400
ec2176e084f94ee8f9fc662354262062,14 1 0 0 1 1
ec2ffd5ae3e2e05cd3045a3de917f4b3,11 0.9 726 272 998 363 3 0.86 1089 1724 2178 2178
ec4267f55a215d295040984872bb8e67,3 0.96 848 1305 1697 1632
ec596958fa957e06e899f1fa21915c4f,3 0.87 872 930 1628 1221
ec6c4e81b448275577d3e4a74acbe443,3 0.99 829 1276 1531 1531
ec73f422063ce59169c6c13d3c6227a7,14 1 0 0 1 1
ec84efcda776fb18bf86866e11e12832,11 0.92 1867 294 2162 393 3 0.9 1179 1474 2260 1867
ec90a440c54e283d6950cafe4fdb1d65,3 0.96 847 1483 1766 1837 0 0.91 1130 706 1413 989
ec91e38bb8201229cc989e5cc7f4aa6b,11 0.89 377 226 452 301 11 0.87 377 301 452 377 3 0.93 830 1358 1810 1735
ec9bb4e880f135642dbb5f38d4a6d16b,11 0.89 1644 523 1868 672 11 0.86 1644 523 1719 598
ecbd6ed341b1c3867c5f29be7ab776b1,3 1.0 786 1376 1703 1703
ed0ab46e05f7db39ec99200482833f63,11 0.87 448 523 672 598
ed5e9cc04c7d2b3b3a6f8d9517f2f288,3 0.99 638 1531 1467 1850
ed8eee7061e062987cb2385657477236,3 0.95 786 1114 1507 1507
ed992d1f541f91a21592114096c55cf9,3 0.99 811 1622 1843 1916 11 0.92 589 516 811 589
edb0b27fb3602ffb157e5a022e6b5a70,3 0.99 701 1212 1467 1467 11 0.91 574 255 765 319
edc89e6e9572acea901d5d41c970dd3d,3 0.95 1046 1420 1943 1794 11 0.93 897 448 1121 523
edc8ec18f294ef376864542ed64570ec,3 0.98 1075 1344 2151 1703
ede4b8a6912f003a15964bac29f56a20,0 0.86 893 574 1148 829 11 0.9 1148 255 1339 319 3 0.91 701 1276 1467 1595
edff2d7a316236e57447381af74a7ebf,3 0.95 869 1403 1738 1738 11 0.88 668 267 935 334
ee24bfc8651524e8efeee45ff30cb532,3 0.98 1247 1247 2399 1727 11 0.9 1919 287 2207 383
ee29da033302291107e61a87de63aee3,3 1.0 961 1442 1923 1842
ee5abbb404a247b05f2961565a0760f1,14 1 0 0 1 1
ee75644cf6df02e60e3a6b1220b0528f,11 0.89 1544 325 1788 406 11 0.89 894 243 1137 325 11 0.87 894 325 1137 406 11 0.86 1381 243 1788 325
eea860baa10cf65d1fabf38fad5c910e,3 0.99 934 1323 1946 1712
eeb1c8fa0a8d21ecd33da05d335d4b18,3 0.99 765 1595 1595 1914
eeca313945bafd566ba7fe6a22083c8f,11 0.91 1835 1900 1900 1966
eed7b2051a72814f598a2325d16613d0,3 1.0 765 1212 1595 1467 11 0.88 765 382 957 446
eee52f4fd64d6f8a197abdf7ac27fd1f,11 0.9 1276 638 1467 701 11 0.85 638 638 829 765 3 0.99 765 1467 1467 1722 10 0.93 1531 2105 1595 2169
eefe8288df6d67f2deced0ba60cb7651,3 0.95 838 1160 1676 1483
ef2567e0167789de5b10ad9fc67f29df,3 0.99 1071 1483 2060 1895 11 0.96 741 247 989 329 11 0.9 659 247 741 329 11 0.88 1813 247 2060 329 11 0.86 1566 247 1813 329 11 0.85 1978 1895 2060 1978
ef42c05690b4c16e88cf39481420b779,11 0.88 1867 294 2162 393 11 0.87 1966 393 2260 491
ef5443eef2359a9882e61754855887cb,11 0.86 822 224 1046 299
ef7f329f4e29124e1d3bfec2b974f83c,3 1.0 765 1403 1659 1722
ef80aa87c223632f7522be728bd62e2e,3 0.99 897 1569 1794 1868 11 0.93 672 747 747 822 11 0.9 747 747 971 822
ef840fd4320e6048b9ef9cc0bf7b90d4,11 0.94 638 255 829 319 11 0.92 638 191 829 255 11 0.9 446 255 701 319 11 0.88 1148 255 1339 319 3 0.94 638 1084 1467 1403
efa7592fab822d9a1d6dc92d31e41fa1,3 0.91 866 1804 1732 2165
efaa3db93267375dcd48555debfaef9b,11 0.95 574 191 765 255 11 0.91 1212 255 1403 319 11 0.91 574 255 765 319 3 0.98 701 1276 1531 1595
efafd855e44f0902661c53dc1d5466b4,3 0.98 752 1505 1710 1847
efbe54fcf4bdab5041ecdf15af5fcd52,14 1 0 0 1 1
f006d5b6887dc0c7fa570aeb9df2eea1,11 0.91 1339 382 1531 446
f00ca048153e98ae17200c59e46d1212,14 1 0 0 1 1
f026b34e04a2bfc6327f2218cf47cd73,11 0.98 1944 422 2113 507 11 0.95 1944 338 2198 422 11 0.95 1690 338 2029 422 11 0.95 676 422 929 507 11 0.93 169 2113 253 2198 11 0.89 169 1352 253 1437 11 0.88 422 422 760 507 11 0.88 169 1268 253 1352 11 0.88 169 2198 253 2282 11 0.87 338 253 422 338 11 0.87 591 338 929 422 11 0.87 507 507 845 591 0 0.85 1437 929 1690 1183
f030f0fa1c11c6f00d7d14bb95913fa3,14 1 0 0 1 1
f0310a7e6a81b1a7efc5ef323727e974,3 1.0 701 1212 1531 1531 11 0.94 574 255 765 319 11 0.88 1276 319 1467 382
f03c691227ab4d5df7de366b47d8069b,11 0.91 1403 191 1595 255 11 0.87 574 191 829 255 11 0.86 638 255 829 319 3 0.97 893 1212 1659 1467
f058c6ba1cd65bc8ec4947d12f45d81d,11 0.88 747 672 971 747
f05d1a0a4071c8f6e685d37e0a4ceafd,3 0.98 1013 1559 1948 1948 11 0.88 1481 389 1792 467
f064fef0a9542fb09bec9faa70a718d6,3 0.94 897 1495 1868 1868
f06b3e9d9422ea8de3b22d5db99913f5,14 1 0 0 1 1
f075d4f926c4130f37b341da61efaf60,3 0.96 1006 1294 1941 1653
f0aaa2b7efab4e31457267461744f53c,3 0.95 1056 1463 2113 1869 3 0.86 568 1625 975 2682 11 0.91 812 325 1056 406 11 0.88 731 406 975 487
f0c45aa5f538374004270660dd339e0c,0 0.86 1347 988 1707 1347
f0ce214777f0b2c457e7456b5349ba89,3 0.93 1056 1344 2208 1728
f0f700707355c83f4142ee3358fd1a78,3 1.0 765 1339 1467 1595
f0f97aabfd0b5da7f290723a91b4e74f,3 0.92 701 1212 1531 1531 11 0.89 1212 255 1403 319 11 0.88 446 255 701 319 11 0.86 574 319 765 382
f1065eb06f92ed25f8be067394d12aa4,11 0.9 2009 456 2283 547 11 0.89 1735 365 2100 456
f1346d86077f3f3014e64112a8e72eef,3 0.98 829 1722 1595 2041
f165cc0d9b3e0860a6aa4ea2079ef2e3,3 0.98 1046 1569 1943 1943 11 0.91 1644 224 1868 299 11 0.89 672 224 897 299 11 0.87 672 299 971 373 11 0.85 822 224 1046 299 0 0.86 1270 672 1495 897
f18f78dc60869c8b9e96393876669b9e,11 0.88 464 387 696 464
f1ae5125f7a72feed87fc0afa919b261,3 0.99 881 1468 1835 1835
f1af2617d49d2b413f6356860972c52f,14 1 0 0 1 1
f1bf0692779f838803453642c8f17c66,11 0.96 1276 446 1467 510 11 0.88 1084 446 1339 510
f1bf11a8a2164e6adc930df26a5dd75e,14 1 0 0 1 1
f1c8c1427d797062d35457c3d54bce52,3 0.91 589 1400 1032 2506 3 0.91 811 1179 1695 1548 11 0.94 589 294 884 368 11 0.91 737 221 958 294 11 0.89 1327 221 1548 294
f1c94b69b9f1468a758cf2a8b5825716,11 0.92 672 448 747 523 11 0.91 822 299 1046 373 11 0.88 747 373 897 448 11 0.86 1420 299 1719 373
f1e4ac8d6db9d986fbff411c6a314857,3 0.99 765 1467 1659 1786 11 0.89 1339 446 1403 510 11 0.86 1276 382 1467 446
f1eb2216d773ced6330b1f31e18f04f8,11 0.88 1557 346 1817 432 11 0.88 692 346 1038 432 3 0.93 1038 1470 2163 1903
f20a7f9e51501b58856fdca5421f360a,3 0.99 1127 1530 2013 1852 11 0.85 966 563 1208 644
f2214d1382839dbba476889ad286d8db,14 1 0 0 1 1
f2385e76586b911c47398381b3ab3dd3,11 0.88 1835 333 2085 417 11 0.86 583 417 667 500
f245dd1ae0f1919c98f3cc4e2c8765c3,14 1 0 0 1 1
f2cee76e8d488de8de9a602b505cfe9d,3 1.0 897 1719 1868 2093 11 0.92 822 523 1046 598
f2e14d97296090e665581a5822208ba2,11 0.87 373 822 448 897
f2f0b6c373587033789cbae6a918d847,3 1.0 638 1148 1467 1403 11 0.88 638 255 829 319 11 0.87 1084 255 1276 319
f2f8952624cb775e2a72b5e73e29d57b,11 0.92 361 160 401 200 11 0.9 401 160 441 200
f2fd066f221a835b1c68b24dcbeddc14,3 0.98 1027 1798 2140 2226 11 0.85 770 428 941 513
f3166688ad9e67fe8aa9f54e05bece5e,3 0.86 1276 1148 1595 2169
f316834a24c622f77486c596acfb46c9,11 0.95 1463 325 1706 406 11 0.94 731 325 975 406 11 0.92 1625 325 1869 406 3 0.96 894 1300 1950 1706
f31c9526ebdf691e426925e8da3af65c,11 0.93 598 598 672 672 11 0.85 598 598 822 747 11 0.85 448 672 523 747 11 0.85 523 523 822 598 3 0.97 747 1644 1794 2018
f3426b51acbf433d03c5f84a5d16c0d3,11 0.95 1873 267 2141 356 11 0.94 1873 356 2141 446 11 0.85 713 267 1070 356
f362fd880b0149646ccbb760be5f6354,14 1 0 0 1 1
f3699d3679128726466b307f7a7cba73,11 0.95 589 442 811 516 11 0.88 1843 1843 1916 1916 3 0.94 737 1474 1622 1843
f3a7ef6a3a8ca6ba35f19fdd3773912a,3 0.99 792 1512 1728 1872 3 0.86 936 1008 1296 2232
f3da3f6e8cbc9b17d27754339b0b2311,3 0.97 1095 1917 2283 2374 11 0.9 2557 2100 2648 2191
f3e203d1372f41c6d574914254cb6529,10 0.87 319 127 829 701
f40d9ec43c1455414421a190344498a6,11 0.85 1835 2031 1900 2162
f417b4769acedb45cf83492c0a79774b,3 0.96 960 1536 2208 2112
f4228d13c7086bff401a1fdd7e5f4684,3 0.93 946 1735 1972 2129 11 0.92 631 315 946 394 11 0.9 2050 394 2129 473 11 0.9 709 236 1025 315
f4369698e1827c458d3c316fc09111a5,11 0.88 1276 191 1467 255
f490b80263d4ef522a9f73e22201c73b,14 1 0 0 1 1
f49a4d12c7b619760bfc173c183e0f3a,3 0.95 638 1148 1467 1403 11 0.92 638 255 829 319 11 0.9 701 319 893 382
f4c7a984e4c5c33174f6132f47a3a6f7,3 0.95 897 1495 2018 1868
f4d47aa68af0a6a3b5ca91e721707421,3 0.85 955 1323 1911 1691
f4d61d727424622b8c54212967467c32,11 0.96 1339 255 1531 319 11 0.92 638 319 829 382 11 0.9 1148 255 1403 319 11 0.89 574 255 829 319 11 0.88 1276 191 1467 255 3 0.87 765 1212 1595 1531
f4e77a5ddc822faaf55570590689466b,3 0.99 836 1463 1812 1812
f4ef27a5e6ff0608dd0732509f077d98,3 0.99 1047 1530 2013 1933 11 0.88 724 483 966 563
f54bd15a6816454bbd8c5306af16a730,11 0.88 672 523 897 672 3 0.96 822 1868 1794 2242
f54d1a125632850b7774cd5144ad3bc2,14 1 0 0 1 1
f558366fc11e15db8e92a1d7d78c4585,11 0.93 897 299 1121 373 3 0.94 971 1270 1943 1644
f55c5c848362cf7bbf62a791ce585cbc,3 0.99 701 1148 1531 1403
f592ac6b878d2b7929e3723347f2cfd4,14 1 0 0 1 1
f599fe9d73fb3cc607a03fb258b7e198,11 0.91 1253 294 1474 368
f5de7e513d2c4085e8b7fd6b5e5db57a,3 1.0 663 1327 1769 1695
f5f324fd65b3230f3f9e103dd701ae37,0 0.9 1219 685 1523 990 3 1.0 914 1600 1904 1980
f5f77203f00504c40b45a65d23cd8948,3 0.97 961 1682 2003 2083
f62a8210fdd97badd3a850adb5cd2d95,3 0.94 751 1566 1503 1879
f631a7b16aa5a67caf2cbe807c068191,11 0.89 878 319 1117 399
f6502a2fcaa749e889a4cafb37227248,3 0.92 856 1324 1869 1713
f688540fa7c5a58e3f5f0d0908a15164,14 1 0 0 1 1
f6893d46b6ef55936ef1f17a95159304,14 1 0 0 1 1
f6a55d8e3471a4cce6e6be9713bf8acc,14 1 0 0 1 1
f6badb69877d94bde2043ca0ccc971fb,14 1 0 0 1 1
f6c2af19972fcdff152db631020f4784,3 0.98 737 1769 1695 2138 11 0.95 589 663 811 737
f6e32738dac91aec6faa814531dcb2d0,3 0.99 893 1084 1722 1403
f6ed82702d0d0c10a5e4091142c2d484,14 1 0 0 1 1
f6f3cbb0bef5a6d9da3f0cbdb9e94948,11 0.93 960 384 1344 480 11 0.87 1920 384 2208 480
f6fa36dcae4cfd831f6d5a6bd4520a59,11 0.93 672 523 897 598 11 0.9 1495 448 1719 598 11 0.87 672 598 897 672
f6fa75664ef8fe0877fbf541b589e4c7,11 0.94 1706 2682 2194 2763 11 0.91 812 325 1056 406 11 0.91 1625 325 1869 406 11 0.89 894 243 1137 325 3 0.95 975 1706 1950 2113
f706b17da0996dc76d0ab344fd0b2ae0,14 1 0 0 1 1
f70e426b2d61fb8d53d844e0fdd032a3,3 0.99 853 1784 1939 2171 11 0.9 1939 2249 2016 2327 11 0.87 465 620 542 698
f72a16b39ac8ff4b8f1df59e34710c2b,14 1 0 0 1 1
f734d8823f31d805567d6480513003d2,14 1 0 0 1 1
f73679fe4e799ced4314a9fec6a054da,3 0.94 262 1572 1245 1900 3 0.91 720 1114 1507 1441 11 0.86 655 196 851 262
f75e7e2b2cf9b30dc523010b12d814f9,3 0.9 797 1164 1594 1471
f76c63188029651973219b355e31fa33,3 0.99 942 1492 1963 1885 11 0.91 785 235 1021 314 11 0.89 785 314 864 392 11 0.86 1492 235 1806 314
f7b3414f5897f955261269f1f239c2f0,3 0.9 737 1695 1695 2064 11 0.88 516 589 811 663 11 0.86 1327 516 1622 663
f7b383025dbf8471573457bcdb714d84,11 0.87 1507 458 1703 524
f7c9af76d1b6223f1eef8f20b51f1513,11 0.92 574 255 638 319 11 0.88 574 191 765 255 10 0.88 1531 2105 1595 2169 3 0.96 701 1467 1595 1786
f81818f7d9803fe35faa81fb3ae15856,3 0.99 808 1469 1836 1836
f81edf69d69a4aa3c228a01b01f10b4e,3 0.98 638 1595 1467 1914
f84c417ac0bd5d1a874f1c4e788c6b77,14 1 0 0 1 1
f856141739ad5ef2db75ed7d83feaa83,14 1 0 0 1 1
f864bc5eae01c9a296841fab35367e10,11 0.91 523 598 747 672 11 0.9 672 523 897 598
f890e83cfa9198db05bc36b3ffc14c4d,11 0.93 1769 393 2064 491 11 0.91 884 393 1179 491 11 0.9 983 294 1277 393 11 0.89 1769 294 2064 393 3 0.97 983 1474 2162 1966
f8959ec07e6b04f0e422f2a8fb18e074,11 0.93 2093 1420 2167 1495 11 0.9 747 598 971 672 11 0.89 1569 523 1794 598
f89ab5da4af9b087e43cd09f2ebd8463,11 0.94 638 398 717 478 11 0.92 717 398 797 478 11 0.88 797 398 877 478
f8be8b8d517d3b48315bbbeda0ad3a79,3 0.96 967 1636 1934 2008 11 0.87 1636 297 1934 371
f8d475279c79dfa992b6857acd6a090d,3 0.99 701 1403 1531 1722 11 0.88 1276 319 1467 382
f8d52e02d30cc651cf9f0dd9faf5970d,3 0.99 812 1124 1624 1436
f8ee5a665c0609e1058aa5eee51f90eb,3 0.99 765 1595 1595 1914
f8f82030def9bc103a16dba159f0b957,3 1.0 883 1251 1840 1619
f91f6cc13266b906c5840fbb73efd9b5,11 0.89 1835 2031 1900 2097
f923cd5cb2daf790272dbef850f5647b,3 0.98 945 1339 1969 1733
f951f6a6d4fd2ac09f5e95a33c731a38,11 0.94 884 294 1179 393 11 0.9 1867 294 2162 393 11 0.86 1867 196 2162 294 3 0.92 1179 1376 2162 1867
f97f805bdf52c0809cb1bc43da319f64,11 0.9 1403 319 1595 382 3 0.99 701 1531 1467 1786
f985935c1c34308b60dc8b75d207e669,11 0.87 1345 224 1569 299 11 0.86 822 299 1046 373 11 0.85 822 224 1046 299
f9a162208a90cf000184cf1798c0d2f0,14 1 0 0 1 1
fa1f952dd2567c9e516cae5a59c30692,3 1.0 765 1467 1659 1786 11 0.87 1339 510 1531 574
fa3640d131e70778d70164f476b828d9,3 0.86 1204 978 2107 1279
fa4aa1bac27679cc1aeafa437ee00030,3 0.98 971 1794 1868 2167 11 0.91 1868 2093 1943 2167 11 0.88 747 672 971 747
fa65f9c4a8e431255655cebb6606f71b,3 0.98 822 1794 1868 2167 11 0.86 523 523 822 598
fa7345f6e9515223cc3f3fc88651d940,3 0.97 1014 1944 2113 2367 0 0.87 1437 1099 1690 1437 11 0.91 2367 1859 2451 1944 11 0.91 845 760 1099 845 11 0.87 1775 760 2029 845
fabac1af1db73f2ee503f521e9659b72,3 0.94 1152 1152 2208 1632 11 0.88 1056 288 1344 384 11 0.85 960 384 1248 480
face7d0feea230cb057697e34fcb3ad3,3 0.99 854 1352 1780 1708
fad4bd66087b5d10e190636698e66c2a,11 0.9 1081 393 1376 491 3 0.89 1179 1572 2260 1966
faf31cf12d432065854dc97944072e2a,3 0.98 784 1333 1883 1726 0 0.86 1176 549 1490 863 11 0.89 1647 313 1883 392
fb029eba1fbb59352e370f1ce93dfc92,3 0.99 1032 1474 1916 1843 11 0.9 884 294 1105 368
fb0b3aea7b0a3ced3aff87fd302c9ffd,14 1 0 0 1 1
fb0cfde02670fe81d340cd708e2a30be,14 1 0 0 1 1
fb1150a90723df92e2385c956db5aeef,3 0.99 897 1644 1868 2018 11 0.89 672 448 897 523 11 0.87 672 373 897 448
fb36e668ed268bf65084fe3d1ff7a21f,3 0.99 701 1339 1595 1659 11 0.88 1339 382 1531 446 11 0.85 574 382 765 446
fb3feb007c2e3a70ddc7cec5041da44b,3 1.0 737 1400 1695 1769 11 0.88 589 294 811 368 11 0.87 442 368 737 442
fb4dfacc089f4b5550f03f52e706b6f2,3 0.92 602 1254 1304 1555
fb54964c02f4f032a4f6bcf34045e8d7,14 1 0 0 1 1
fb5970d513055c03b3b04ca6a05387ff,3 1.0 1044 1526 2088 1927 11 0.87 883 321 1124 401
fb8662dca9f73c181fb881030965e9ac,11 0.88 507 338 760 422 11 0.88 169 1268 253 1352 11 0.87 2029 338 2282 422
fb96a81650614fc467bc6e5af94543b8,11 0.86 568 189 758 315
fb9b085e1317914e23c85afd77a1bb5d,3 0.97 655 1441 1507 1769
fbbbec8a08c3776eb788dfa24e96c116,3 0.9 1081 1474 2260 1966
fbd5bb501e278b0bb3cd4cf1c2c6f7f9,3 0.95 956 1674 2073 2073
fc13de6ab8c42584502e004a4ed512af,3 0.99 961 1522 2003 1923 0 0.85 1362 881 1602 1121
fc28fc9ede2c505c2125343c048124b6,3 0.97 822 1270 1794 1644
fc303d1541385851384ebc0ff05fc395,10 0.92 127 2105 191 2169 10 0.9 191 1978 255 2041 3 1.0 765 1148 1467 1403 11 0.87 510 382 765 446
fc30d2602692d0561aaa1f5cc14ca841,3 0.96 1020 1339 1850 1659
fc4380d16e53e9b9bad5942b31d75f48,3 0.88 681 1193 1477 1477
fc460aa7f3cdc18f224d1de7aa405893,3 0.96 971 1196 1943 1569
fc49e387cd9955fc80d0124967ef303b,14 1 0 0 1 1
fc4c2d3ed1870a845a6aafc7112878df,11 0.91 1690 422 2028 507 11 0.86 1943 422 2112 507
fc4f13bf010ff3a5c661290a4e8fc2e2,11 0.91 166 1328 249 1411 11 0.89 664 332 747 415 11 0.89 166 1411 249 1494 11 0.86 747 249 830 332
fc853c552cdae3eb0eb78f6101922b06,11 0.89 590 369 812 516 3 0.95 960 1477 1994 1846
fc94cb673061ef39128437a97f960704,3 0.98 829 1339 1722 1595
fcac5aea85139181c71e7e21ed9f2029,14 1 0 0 1 1
fcb5a0f8641a4e607de596e96eebca8a,11 0.87 442 589 663 663 3 0.96 663 1695 1695 2064
fcc202f312900fdff3053fcd45fe17e7,11 0.93 707 314 942 392 3 0.88 1021 1335 1963 1728
fcc5d1a7ca6ebf34571e1213939e60c2,3 0.97 971 1644 1868 1943
fccdeeae9c0bd0c2e13d2e9220ada9a4,3 0.97 975 1625 2031 2113 11 0.88 1544 325 1788 406
fcdd777de2f86604758044246dd7bebb,14 1 0 0 1 1
fcf7c70f3a6b9ee5a93a8b1d21c06513,11 0.92 983 393 1277 491 11 0.92 1966 393 2260 491 11 0.88 1081 294 1376 393 11 0.88 1671 294 2064 393
fd0f5d8a369ce5026ea3be06a64980f5,3 0.97 829 1276 1722 1595
fd16e07868605bc0136a2884be2742cb,3 0.94 1248 1536 2304 2016 11 0.89 960 384 1056 480 11 0.86 1056 384 1344 480
fd1952a0bbb148711493e3fd73ba1160,3 0.99 765 1339 1595 1595 0 0.87 1020 574 1276 829 11 0.87 1212 255 1339 319
fd2e07088ff35c77448f636ad1816039,11 0.89 1645 246 1892 329 3 0.87 987 1645 1974 2056
fd2e0ef3254e46ba1716bcd5e885f355,3 0.98 901 1577 1877 1952
fd332164e7924efb4e11f3186bc8fa4d,11 0.92 2112 2016 2400 2112 11 0.86 1824 2016 2208 2112
fd3f2abb3ba1d00026654a220d53d9bb,3 0.94 1277 1769 2457 2260
fd4b7dcfd91bdd1a5b51e96e6e0fe931,3 0.93 961 1602 2083 2003
fd536e3e8f6f2336f27c76360c183b72,3 0.94 262 1769 1245 2162
fd6032971f08b0246235cd6c3f09fbae,0 0.87 1105 589 1400 884 11 0.93 737 368 811 442 11 0.92 737 294 811 368 3 0.99 811 1179 1769 1548
fd63afac528fb70393d1ca8f442427c4,11 0.96 1966 294 2260 393 11 0.92 2162 294 2457 393 11 0.9 1081 294 1376 393 3 0.88 1277 1474 2359 1867
fd6b274f9e2ef0f660d52ed947e58ac3,3 0.88 655 1310 1507 1703
fdb8f8b25494dfa7024c24e61a56edb4,3 0.97 864 1257 1886 1650 11 0.93 1571 235 1807 314
fdc79ca123f665375a024d95fce24af4,3 0.96 795 1101 1651 1407
fdd767c47adfda2c9fa48f5da76bc306,14 1 0 0 1 1
fdd95f330fd8f4f38dd7a2ba61efc281,3 0.88 822 1943 1719 2317
fdf3edb12e482493b9698d76dced9395,3 0.98 701 1212 1531 1467
fdf93ea409b0d2e4a8a1ba885caa59e4,11 0.92 1339 510 1531 574 3 0.97 765 1595 1595 1978
fe07298fa1a9109de51c57e56a202df3,3 0.99 663 1327 1548 1695 11 0.91 516 294 737 368
fe2fe500ecf08063f5ecd579ae4a597b,14 1 0 0 1 1
fe52d8c7ce9e6f9435fcd3438aa19da7,11 0.89 1788 325 2031 406 11 0.88 1625 162 1869 243 11 0.85 1706 243 1950 325 3 0.89 975 1381 2031 1788
fe575088773e7c886725716944e0840b,3 0.99 971 1420 1943 1719
fe5c2e4756820873cd6e8332ad4c2e12,3 0.95 1179 1542 2359 1996 11 0.87 816 363 907 453
fe619a02b19b72ad527dc3e8642f4afd,3 0.98 877 1596 1915 1995 0 0.87 1276 718 1596 1037
fe62409506fa9ca50424e85c378d30da,11 0.89 1212 255 1403 319
fe9e6f46bf0cb223e745dc1919564bd2,14 1 0 0 1 1
fec9ed851b88f98a1c964179c5340d54,14 1 0 0 1 1
fed370b0c413ea8bb9881636a6018ed2,3 0.96 851 1316 1858 1703
fee4f8011baa2854351eb2d744f0fbb1,14 1 0 0 1 1
ff19d9358c15fa5716e40336740b4038,14 1 0 0 1 1
ff266001e2513e4ff93fe57f3eecfeb9,3 0.98 804 1286 1769 1688
ff41bdfc0c7fae671caabbe6dcf071bb,3 0.96 1042 1563 2171 1998
ff425d16ade3f71bb7a6386f2f650cfa,14 1 0 0 1 1
ff490fbf2d5613bc7c8cc13e2c2b1901,14 1 0 0 1 1
ff5b2414a7b94c78bb0073e656eb9c0e,14 1 0 0 1 1
ff761085c11792ec5f439f6b74774550,3 0.98 765 1403 1531 1659
ff8d249021841a1af6f721db80550228,3 0.97 822 1495 1794 1794 11 0.93 747 448 971 523 11 0.87 822 523 897 598
ff91fb82429a27521bbec8569b041f02,11 0.96 1769 294 2064 393 11 0.94 1966 294 2260 393 11 0.94 1081 294 1376 393 11 0.9 1081 393 1376 491 11 0.85 884 393 1081 491 3 0.98 1277 1376 2359 1769
ff9fcc4087ed5e941209aa3fa948e364,3 0.93 737 1327 1695 1695 11 0.87 663 368 884 442 11 0.86 294 2580 368 2654
ffaa288c8abca300974f043b57d81521,14 1 0 0 1 1
ffc441e0c8b7153844047483a577e7c3,3 0.93 808 1306 1617 1617
ffccf1709d0081d122a1d1f9edbefdf1,14 1 0 0 1 1
